Product Description,Company,Model,Color,RAM,ROM,Offers,Price,Exchange Offer,Ratings
"realme C21 (Cross Blue, 64 GB)",realme , C21 ,Cross Blue,4 GB,64 GB,18% off,"₹8,999",,4.4
"realme C21 (Cross Black, 64 GB)",realme , C21 ,Cross Black,4 GB,64 GB,18% off,"₹8,999",,4.4
"realme C20 (Cool Blue, 32 GB)",realme , C20 ,Cool Blue,2 GB,32 GB,15% off,"₹6,799","Upto ₹6,250 Off on Exchange",4.3
"realme C20 (Cool Grey, 32 GB)",realme , C20 ,Cool Grey,2 GB,32 GB,15% off,"₹6,799","Upto ₹6,250 Off on Exchange",4.3
"POCO M3 (Power Black, 64 GB)",POCO , M3 ,Power Black,6 GB,64 GB,19% off,"₹10,499","Upto ₹9,900 Off on Exchange",4.3
"REDMI 9i (Midnight Black, 64 GB)",REDMI , 9i ,Midnight Black,4 GB,64 GB,20% off,"₹7,999","Upto ₹7,450 Off on Exchange",4.3
"POCO M3 (Cool Blue, 64 GB)",POCO , M3 ,Cool Blue,6 GB,64 GB,19% off,"₹10,499","Upto ₹9,900 Off on Exchange",4.3
"REDMI 9 Power (Electric Green, 64 GB)",REDMI , 9 Power ,Electric Green,4 GB,64 GB,25% off,"₹10,499","Upto ₹9,900 Off on Exchange",4.3
"realme Narzo 30A (Laser Black, 32 GB)",realme , Narzo 30A ,Laser Black,3 GB,32 GB,20% off,"₹7,999","Upto ₹7,450 Off on Exchange",4.4
"realme Narzo 30A (Laser Black, 64 GB)",realme , Narzo 30A ,Laser Black,4 GB,64 GB,18% off,"₹8,999","Upto ₹8,350 Off on Exchange",4.4
"realme Narzo 30A (Laser Blue, 32 GB)",realme , Narzo 30A ,Laser Blue,3 GB,32 GB,20% off,"₹7,999","Upto ₹7,450 Off on Exchange",4.4
"Infinix Smart 5 (Morandi Green, 32 GB)",Infinix , Smart 5 ,Morandi Green,2 GB,32 GB,24% off,"₹6,799","Upto ₹6,250 Off on Exchange",4.4
"Infinix Smart 5 (Aegean Blue, 32 GB)",Infinix , Smart 5 ,Aegean Blue,2 GB,32 GB,24% off,"₹6,799","Upto ₹6,250 Off on Exchange",4.4
"Infinix Smart 5 (7° Purple, 32 GB)",Infinix , Smart 5 , Purple,2 GB,32 GB,24% off,"₹6,799","Upto ₹6,250 Off on Exchange",4.4
"Infinix Smart 5 (Obsidian Black, 32 GB)",Infinix , Smart 5 ,Obsidian Black,2 GB,32 GB,24% off,"₹6,799","Upto ₹6,250 Off on Exchange",4.4
"REDMI Note 9 (Pebble Grey, 64 GB)",REDMI , Note 9 ,Pebble Grey,4 GB,64 GB,26% off,"₹10,999","Upto ₹10,450 Off on Exchange",4.3
"REDMI 9i (Nature Green, 64 GB)",REDMI , 9i ,Nature Green,4 GB,64 GB,20% off,"₹7,999","Upto ₹7,450 Off on Exchange",4.3
"GIONEE Max (Red, 32 GB)",GIONEE , Max ,Red,2 GB,32 GB,31% off,"₹5,499","Upto ₹4,950 Off on Exchange",4.1
"OPPO A12 (Flowing Silver, 64 GB)",OPPO , A12 ,Flowing Silver,4 GB,64 GB,29% off,"₹8,490","Upto ₹7,950 Off on Exchange",4.4
"SAMSUNG Galaxy F12 (Sky Blue, 64 GB)",SAMSUNG , Galaxy F12 ,Sky Blue,4 GB,64 GB,23% off,"₹9,999","Upto ₹9,450 Off on Exchange",4.2
"OPPO A12 (Black, 32 GB)",OPPO , A12 ,Black,3 GB,32 GB,27% off,"₹7,990","Upto ₹7,450 Off on Exchange",4.4
"GIONEE Max (Royal Blue, 32 GB)",GIONEE , Max ,Royal Blue,2 GB,32 GB,31% off,"₹5,499","Upto ₹4,950 Off on Exchange",4.1
"OPPO A12 (Blue, 32 GB)",OPPO , A12 ,Blue,3 GB,32 GB,27% off,"₹7,990","Upto ₹7,450 Off on Exchange",4.4
"OPPO A12 (Flowing Silver, 32 GB)",OPPO , A12 ,Flowing Silver,3 GB,32 GB,,"₹9,499",,4.4
"realme C12 (Power Blue, 32 GB)",realme , C12 ,Power Blue,3 GB,32 GB,27% off,"₹7,999","Upto ₹7,450 Off on Exchange",4.4
"realme Narzo 20 (Glory Silver, 64 GB)",realme , Narzo 20 ,Glory Silver,4 GB,64 GB,23% off,"₹9,999","Upto ₹9,450 Off on Exchange",4.3
"GIONEE Max (Black, 32 GB)",GIONEE , Max ,Black,2 GB,32 GB,31% off,"₹5,499","Upto ₹4,950 Off on Exchange",4.1
"SAMSUNG M31 (Ocean Blue, 128 GB)",SAMSUNG , M31 ,Ocean Blue,6 GB,128 GB,9% off,"₹16,199",,4.3
"POCO M2 Reloaded (Mostly Blue, 64 GB)",POCO , M2 Reloaded ,Mostly Blue,4 GB,64 GB,20% off,"₹9,499","Upto ₹8,950 Off on Exchange",4.4
"SAMSUNG Galaxy F41 (Fusion Blue, 128 GB)",SAMSUNG , Galaxy F41 ,Fusion Blue,6 GB,128 GB,30% off,"₹14,499","Upto ₹13,700 Off on Exchange",4.3
"realme 8 5G (Supersonic Blue, 128 GB)",realme , 8 5G ,Supersonic Blue,8 GB,128 GB,10% off,"₹16,999","Upto ₹15,300 Off on Exchange",4.3
"realme 8 5G (Supersonic Black, 64 GB)",realme , 8 5G ,Supersonic Black,4 GB,64 GB,12% off,"₹13,999","Upto ₹13,300 Off on Exchange",4.3
"realme 8 5G (Supersonic Blue, 64 GB)",realme , 8 5G ,Supersonic Blue,4 GB,64 GB,12% off,"₹13,999","Upto ₹13,300 Off on Exchange",4.3
"realme Narzo 20 (Victory Blue, 128 GB)",realme , Narzo 20 ,Victory Blue,4 GB,128 GB,21% off,"₹10,999","Upto ₹10,450 Off on Exchange",4.3
"OPPO A33 (Moonlight Black, 32 GB)",OPPO , A33 ,Moonlight Black,3 GB,32 GB,30% off,"₹8,990","Upto ₹8,350 Off on Exchange",4.3
"realme C25 (Watery Blue, 128 GB)",realme , C25 ,Watery Blue,4 GB,128 GB,12% off,"₹10,499","Upto ₹9,900 Off on Exchange",4.4
"realme C25 (Watery Grey, 128 GB)",realme , C25 ,Watery Grey,4 GB,128 GB,12% off,"₹10,499","Upto ₹9,900 Off on Exchange",4.4
"POCO M3 (Cool Blue, 128 GB)",POCO , M3 ,Cool Blue,6 GB,128 GB,20% off,"₹11,999","Upto ₹11,200 Off on Exchange",4.3
"REDMI 9 Power (Mighty Black, 64 GB)",REDMI , 9 Power ,Mighty Black,4 GB,64 GB,25% off,"₹10,499","Upto ₹9,900 Off on Exchange",4.3
"MOTOROLA E7 Power (Tahiti Blue, 64 GB)",MOTOROLA , E7 Power ,Tahiti Blue,4 GB,64 GB,33% off,"₹7,999","Upto ₹7,450 Off on Exchange",4.1
"realme C21 (Cross Blue, 64 GB)",realme , C21 ,Cross Blue,4 GB,64 GB,18% off,"₹8,999",,4.4
"realme C21 (Cross Black, 64 GB)",realme , C21 ,Cross Black,4 GB,64 GB,18% off,"₹8,999",,4.4
"realme C20 (Cool Blue, 32 GB)",realme , C20 ,Cool Blue,2 GB,32 GB,15% off,"₹6,799","Upto ₹6,250 Off on Exchange",4.3
"realme C20 (Cool Grey, 32 GB)",realme , C20 ,Cool Grey,2 GB,32 GB,15% off,"₹6,799","Upto ₹6,250 Off on Exchange",4.3
"REDMI 9i (Midnight Black, 64 GB)",REDMI , 9i ,Midnight Black,4 GB,64 GB,20% off,"₹7,999","Upto ₹7,450 Off on Exchange",4.3
"POCO M3 (Power Black, 64 GB)",POCO , M3 ,Power Black,6 GB,64 GB,19% off,"₹10,499","Upto ₹9,900 Off on Exchange",4.3
"realme Narzo 30A (Laser Black, 32 GB)",realme , Narzo 30A ,Laser Black,3 GB,32 GB,20% off,"₹7,999","Upto ₹7,450 Off on Exchange",4.4
"realme Narzo 30A (Laser Blue, 32 GB)",realme , Narzo 30A ,Laser Blue,3 GB,32 GB,20% off,"₹7,999","Upto ₹7,450 Off on Exchange",4.4
"realme Narzo 30A (Laser Black, 64 GB)",realme , Narzo 30A ,Laser Black,4 GB,64 GB,18% off,"₹8,999","Upto ₹8,350 Off on Exchange",4.4
"POCO M3 (Cool Blue, 64 GB)",POCO , M3 ,Cool Blue,6 GB,64 GB,19% off,"₹10,499","Upto ₹9,900 Off on Exchange",4.3
"REDMI 9 Power (Electric Green, 64 GB)",REDMI , 9 Power ,Electric Green,4 GB,64 GB,25% off,"₹10,499","Upto ₹9,900 Off on Exchange",4.3
"Infinix Smart 5 (Morandi Green, 32 GB)",Infinix , Smart 5 ,Morandi Green,2 GB,32 GB,24% off,"₹6,799","Upto ₹6,250 Off on Exchange",4.4
"Infinix Smart 5 (7° Purple, 32 GB)",Infinix , Smart 5 , Purple,2 GB,32 GB,24% off,"₹6,799","Upto ₹6,250 Off on Exchange",4.4
"Infinix Smart 5 (Obsidian Black, 32 GB)",Infinix , Smart 5 ,Obsidian Black,2 GB,32 GB,24% off,"₹6,799","Upto ₹6,250 Off on Exchange",4.4
"Infinix Smart 5 (Aegean Blue, 32 GB)",Infinix , Smart 5 ,Aegean Blue,2 GB,32 GB,24% off,"₹6,799","Upto ₹6,250 Off on Exchange",4.4
"REDMI Note 9 (Pebble Grey, 64 GB)",REDMI , Note 9 ,Pebble Grey,4 GB,64 GB,26% off,"₹10,999","Upto ₹10,450 Off on Exchange",4.3
"REDMI 9i (Nature Green, 64 GB)",REDMI , 9i ,Nature Green,4 GB,64 GB,20% off,"₹7,999","Upto ₹7,450 Off on Exchange",4.3
"GIONEE Max (Red, 32 GB)",GIONEE , Max ,Red,2 GB,32 GB,31% off,"₹5,499","Upto ₹4,950 Off on Exchange",4.1
"SAMSUNG Galaxy F12 (Sky Blue, 64 GB)",SAMSUNG , Galaxy F12 ,Sky Blue,4 GB,64 GB,23% off,"₹9,999","Upto ₹9,450 Off on Exchange",4.2
"realme C12 (Power Blue, 32 GB)",realme , C12 ,Power Blue,3 GB,32 GB,27% off,"₹7,999","Upto ₹7,450 Off on Exchange",4.4
"OPPO A12 (Flowing Silver, 64 GB)",OPPO , A12 ,Flowing Silver,4 GB,64 GB,29% off,"₹8,490","Upto ₹7,950 Off on Exchange",4.4
"OPPO A12 (Black, 32 GB)",OPPO , A12 ,Black,3 GB,32 GB,27% off,"₹7,990","Upto ₹7,450 Off on Exchange",4.4
"OPPO A12 (Blue, 32 GB)",OPPO , A12 ,Blue,3 GB,32 GB,27% off,"₹7,990","Upto ₹7,450 Off on Exchange",4.4
"OPPO A12 (Flowing Silver, 32 GB)",OPPO , A12 ,Flowing Silver,3 GB,32 GB,,"₹9,499",,4.4
"GIONEE Max (Black, 32 GB)",GIONEE , Max ,Black,2 GB,32 GB,31% off,"₹5,499","Upto ₹4,950 Off on Exchange",4.1
"REDMI 9 Power (Mighty Black, 64 GB)",REDMI , 9 Power ,Mighty Black,4 GB,64 GB,25% off,"₹10,499","Upto ₹9,900 Off on Exchange",4.3
"SAMSUNG Galaxy F41 (Fusion Blue, 128 GB)",SAMSUNG , Galaxy F41 ,Fusion Blue,6 GB,128 GB,30% off,"₹14,499","Upto ₹13,700 Off on Exchange",4.3
"POCO M3 (Cool Blue, 128 GB)",POCO , M3 ,Cool Blue,6 GB,128 GB,20% off,"₹11,999","Upto ₹11,200 Off on Exchange",4.3
"POCO M2 Reloaded (Mostly Blue, 64 GB)",POCO , M2 Reloaded ,Mostly Blue,4 GB,64 GB,20% off,"₹9,499","Upto ₹8,950 Off on Exchange",4.4
"realme Narzo 20 (Victory Blue, 128 GB)",realme , Narzo 20 ,Victory Blue,4 GB,128 GB,21% off,"₹10,999","Upto ₹10,450 Off on Exchange",4.3
"realme 8 5G (Supersonic Blue, 128 GB)",realme , 8 5G ,Supersonic Blue,8 GB,128 GB,10% off,"₹16,999","Upto ₹15,300 Off on Exchange",4.3
"realme 8 5G (Supersonic Black, 64 GB)",realme , 8 5G ,Supersonic Black,4 GB,64 GB,12% off,"₹13,999","Upto ₹13,300 Off on Exchange",4.3
"realme 8 5G (Supersonic Blue, 64 GB)",realme , 8 5G ,Supersonic Blue,4 GB,64 GB,12% off,"₹13,999","Upto ₹13,300 Off on Exchange",4.3
"SAMSUNG M31 (Ocean Blue, 128 GB)",SAMSUNG , M31 ,Ocean Blue,6 GB,128 GB,9% off,"₹16,199",,4.3
"realme C25 (Watery Blue, 128 GB)",realme , C25 ,Watery Blue,4 GB,128 GB,12% off,"₹10,499","Upto ₹9,900 Off on Exchange",4.4
"realme C25 (Watery Grey, 128 GB)",realme , C25 ,Watery Grey,4 GB,128 GB,12% off,"₹10,499","Upto ₹9,900 Off on Exchange",4.4
"REDMI 9 Power (Blazing Blue, 64 GB)",REDMI , 9 Power ,Blazing Blue,4 GB,64 GB,25% off,"₹10,499","Upto ₹9,900 Off on Exchange",4.3
"MOTOROLA E7 Power (Tahiti Blue, 64 GB)",MOTOROLA , E7 Power ,Tahiti Blue,4 GB,64 GB,33% off,"₹7,999","Upto ₹7,450 Off on Exchange",4.1
"Infinix Hot 10 (Obsidian Black, 64 GB)",Infinix , Hot 10 ,Obsidian Black,4 GB,64 GB,25% off,"₹8,999","Upto ₹8,350 Off on Exchange",4.4
"Infinix Hot 10 (Moonlight Jade, 64 GB)",Infinix , Hot 10 ,Moonlight Jade,4 GB,64 GB,25% off,"₹8,999","Upto ₹8,350 Off on Exchange",4.4
"Infinix Hot 10 (Moonlight Jade, 64 GB)",Infinix , Hot 10 ,Moonlight Jade,4 GB,64 GB,25% off,"₹8,999","Upto ₹8,350 Off on Exchange",4.4
"Infinix Hot 10 (Obsidian Black, 64 GB)",Infinix , Hot 10 ,Obsidian Black,4 GB,64 GB,25% off,"₹8,999","Upto ₹8,350 Off on Exchange",4.4
"MOTOROLA G10 Power (Breeze Blue, 64 GB)",MOTOROLA , G10 Power ,Breeze Blue,4 GB,64 GB,26% off,"₹9,499","Upto ₹8,950 Off on Exchange",4.1
"Infinix Smart HD 2021 (Topaz Blue, 32 GB)",Infinix , Smart HD 2021 ,Topaz Blue,2 GB,32 GB,18% off,"₹6,499","Upto ₹5,900 Off on Exchange",4.4
"SAMSUNG Galaxy F12 (Sky Blue, 128 GB)",SAMSUNG , Galaxy F12 ,Sky Blue,4 GB,128 GB,21% off,"₹10,999","Upto ₹10,450 Off on Exchange",4.2
"REDMI 9 Prime (Mint Green, 64 GB)",REDMI , 9 Prime ,Mint Green,4 GB,64 GB,16% off,"₹9,999","Upto ₹9,450 Off on Exchange",4.4
"Infinix Smart HD 2021 (Obsidian Black, 32 GB)",Infinix , Smart HD 2021 ,Obsidian Black,2 GB,32 GB,18% off,"₹6,499","Upto ₹5,900 Off on Exchange",4.4
"POCO M3 (Yellow, 64 GB)",POCO , M3 ,Yellow,6 GB,64 GB,19% off,"₹10,499","Upto ₹9,900 Off on Exchange",4.3
"Infinix Smart HD 2021 (Quartz Green, 32 GB)",Infinix , Smart HD 2021 ,Quartz Green,2 GB,32 GB,18% off,"₹6,499","Upto ₹5,900 Off on Exchange",4.4
"POCO X3 Pro (Graphite Black, 128 GB)",POCO , X3 Pro ,Graphite Black,6 GB,128 GB,20% off,"₹18,999","Upto ₹15,300 Off on Exchange",4.4
"OPPO A33 (Mint Cream, 32 GB)",OPPO , A33 ,Mint Cream,3 GB,32 GB,30% off,"₹8,990","Upto ₹8,350 Off on Exchange",4.3
"REDMI Note 9 (Arctic White, 64 GB)",REDMI , Note 9 ,Arctic White,4 GB,64 GB,,"₹11,899",,4.3
"Infinix Hot 10 (Amber Red, 64 GB)",Infinix , Hot 10 ,Amber Red,4 GB,64 GB,25% off,"₹8,999","Upto ₹8,350 Off on Exchange",4.4
"Infinix Hot 10 (Ocean Wave, 64 GB)",Infinix , Hot 10 ,Ocean Wave,4 GB,64 GB,25% off,"₹8,999","Upto ₹8,350 Off on Exchange",4.4
Nokia 105 SS 2021,Nokia , 105 SS 2021,,,,,"₹1,349",,4.2
Nokia 105 SS 2021,Nokia , 105 SS 2021,,,,,"₹1,225",,4.2
Nokia TA-1010/105,Nokia , TA,,,,,"₹1,210",,4.3
Nokia 105 DS 2020,Nokia , 105 DS 2020,,,,15% off,"₹1,349",,4.2
"Infinix Hot 10 (Moonlight Jade, 128 GB)",Infinix , Hot 10 ,Moonlight Jade,6 GB,128 GB,21% off,"₹10,999","Upto ₹10,450 Off on Exchange",4.3
"realme 8 5G (Supersonic Black, 128 GB)",realme , 8 5G ,Supersonic Black,4 GB,128 GB,11% off,"₹14,999","Upto ₹14,450 Off on Exchange",4.3
"realme 8 5G (Supersonic Black, 128 GB)",realme , 8 5G ,Supersonic Black,8 GB,128 GB,10% off,"₹16,999","Upto ₹15,300 Off on Exchange",4.3
"POCO C3 (Arctic Blue, 64 GB)",POCO , C3 ,Arctic Blue,4 GB,64 GB,22% off,"₹8,499","Upto ₹7,950 Off on Exchange",4.3
"REDMI Note 9 (Aqua Green, 64 GB)",REDMI , Note 9 ,Aqua Green,4 GB,64 GB,26% off,"₹10,999","Upto ₹10,450 Off on Exchange",4.3
"REDMI 9i (Sea Blue, 64 GB)",REDMI , 9i ,Sea Blue,4 GB,64 GB,20% off,"₹7,999","Upto ₹7,450 Off on Exchange",4.3
"REDMI 9 Power (Blazing Blue, 64 GB)",REDMI , 9 Power ,Blazing Blue,4 GB,64 GB,25% off,"₹10,499","Upto ₹9,900 Off on Exchange",4.3
"POCO M3 (Power Black, 128 GB)",POCO , M3 ,Power Black,6 GB,128 GB,20% off,"₹11,999","Upto ₹11,200 Off on Exchange",4.3
GFive A2,GFive , A2,,,,,₹799,,3.8
GFive A2,GFive , A2,,,,,₹799,,3.8
"POCO X3 (Shadow Gray, 64 GB)",POCO , X3 ,Shadow Gray,6 GB,64 GB,25% off,"₹14,999","Upto ₹14,450 Off on Exchange",4.4
"realme C25 (Watery Grey, 64 GB)",realme , C25 ,Watery Grey,4 GB,64 GB,13% off,"₹9,499","Upto ₹8,950 Off on Exchange",4.4
"REDMI 9i (Nature Green, 128 GB)",REDMI , 9i ,Nature Green,4 GB,128 GB,2% off,"₹9,769",,4.3
LAVA A1 Josh,LAVA , A1 Josh,,,,17% off,₹955,,4.2
"POCO X3 Pro (Graphite Black, 128 GB)",POCO , X3 Pro ,Graphite Black,8 GB,128 GB,19% off,"₹20,999","Upto ₹15,300 Off on Exchange",4.4
"OPPO A53s 5G (Crystal Blue, 128 GB)",OPPO , A53s 5G ,Crystal Blue,6 GB,128 GB,11% off,"₹14,990","Upto ₹14,450 Off on Exchange",4.3
"OPPO A53s 5G (Crystal Blue, 128 GB)",OPPO , A53s 5G ,Crystal Blue,8 GB,128 GB,10% off,"₹16,990","Upto ₹15,300 Off on Exchange",4.3
LAVA A1 Josh,LAVA , A1 Josh,,,,15% off,₹955,,4.2
"realme Narzo 30 Pro 5G (Sword Black, 64 GB)",realme , Narzo 30 Pro 5G ,Sword Black,6 GB,64 GB,21% off,"₹14,999","Upto ₹14,450 Off on Exchange",4.4
"realme Narzo 30 Pro 5G (Blade Silver, 128 GB)",realme , Narzo 30 Pro 5G ,Blade Silver,8 GB,128 GB,18% off,"₹17,999","Upto ₹15,300 Off on Exchange",4.3
"realme Narzo 30 Pro 5G (Blade Silver, 64 GB)",realme , Narzo 30 Pro 5G ,Blade Silver,6 GB,64 GB,21% off,"₹14,999","Upto ₹14,450 Off on Exchange",4.4
"realme 8 (Cyber Black, 128 GB)",realme , 8 ,Cyber Black,8 GB,128 GB,15% off,"₹15,999","Upto ₹15,300 Off on Exchange",4.4
"realme 8 (Cyber Silver, 128 GB)",realme , 8 ,Cyber Silver,4 GB,128 GB,17% off,"₹13,999","Upto ₹13,300 Off on Exchange",4.3
"POCO M2 Reloaded (Greyish Black, 64 GB)",POCO , M2 Reloaded ,Greyish Black,4 GB,64 GB,20% off,"₹9,499","Upto ₹8,950 Off on Exchange",4.4
"realme C15 Qualcomm Edition (Power Silver, 64 GB)",realme , C15 Qualcomm Edition ,Power Silver,4 GB,64 GB,23% off,"₹9,999","Upto ₹9,450 Off on Exchange",4.4
"realme 8 (Cyber Silver, 128 GB)",realme , 8 ,Cyber Silver,6 GB,128 GB,16% off,"₹14,999","Upto ₹14,450 Off on Exchange",4.4
"realme 8 (Cyber Black, 128 GB)",realme , 8 ,Cyber Black,6 GB,128 GB,16% off,"₹14,999","Upto ₹14,450 Off on Exchange",4.4
"realme C15 Qualcomm Edition (Power Blue, 64 GB)",realme , C15 Qualcomm Edition ,Power Blue,4 GB,64 GB,23% off,"₹9,999","Upto ₹9,450 Off on Exchange",4.4
BlackZone B310,BlackZone , B310,,,,14% off,₹729,,3.9
Nokia 105 SS,Nokia , 105 SS,,,,,"₹1,222",,4.3
"REDMI 9 Power (Fiery Red, 64 GB)",REDMI , 9 Power ,Fiery Red,4 GB,64 GB,25% off,"₹10,499","Upto ₹9,900 Off on Exchange",4.3
SAMSUNG Guru 1200,SAMSUNG , Guru 1200,,,,2% off,"₹1,410",,4.3
"MOTOROLA G10 Power (Aurora Grey, 64 GB)",MOTOROLA , G10 Power ,Aurora Grey,4 GB,64 GB,26% off,"₹9,499","Upto ₹8,950 Off on Exchange",4.1
"OPPO A53 (Moonlight Black, 64 GB)",OPPO , A53 ,Moonlight Black,4 GB,64 GB,,"₹15,990","Upto ₹15,300 Off on Exchange",4.5
"realme C15 Qualcomm Edition (Power Blue, 32 GB)",realme , C15 Qualcomm Edition ,Power Blue,3 GB,32 GB,25% off,"₹8,999","Upto ₹8,350 Off on Exchange",4.3
"realme C15 Qualcomm Edition (Power Silver, 32 GB)",realme , C15 Qualcomm Edition ,Power Silver,3 GB,32 GB,25% off,"₹8,999","Upto ₹8,350 Off on Exchange",4.3
SAMSUNG Guru FM Plus,SAMSUNG , Guru FM Plus,,,,,"₹1,662",,4.2
"OPPO A53 (Moonlight Black, 128 GB)",OPPO , A53 ,Moonlight Black,6 GB,128 GB,27% off,"₹12,990","Upto ₹12,250 Off on Exchange",4.4
"REDMI 9 Prime (Sunrise Flare, 64 GB)",REDMI , 9 Prime ,Sunrise Flare,4 GB,64 GB,16% off,"₹9,999","Upto ₹9,450 Off on Exchange",4.4
"ViVO Y12s (Phantom Black, 32 GB)",ViVO , Y12s ,Phantom Black,3 GB,32 GB,25% off,"₹10,490","Upto ₹9,900 Off on Exchange",4.3
"REDMI Note 9 (Shadow Black, 64 GB)",REDMI , Note 9 ,Shadow Black,4 GB,64 GB,,"₹13,495",,4.3
BlackZone B310,BlackZone , B310,,,,14% off,₹729,,3.9
LAVA Gem,LAVA , Gem,,,,14% off,"₹1,577",,4.2
"REDMI 9 Prime (Matte Black, 64 GB)",REDMI , 9 Prime ,Matte Black,4 GB,64 GB,16% off,"₹9,999","Upto ₹9,450 Off on Exchange",4.4
"MOTOROLA E7 Power (Tahiti Blue, 32 GB)",MOTOROLA , E7 Power ,Tahiti Blue,2 GB,32 GB,30% off,"₹6,999","Upto ₹6,450 Off on Exchange",4.2
"POCO X3 (Cobalt Blue, 64 GB)",POCO , X3 ,Cobalt Blue,6 GB,64 GB,25% off,"₹14,999","Upto ₹14,450 Off on Exchange",4.4
"realme 8 (Cyber Silver, 128 GB)",realme , 8 ,Cyber Silver,8 GB,128 GB,15% off,"₹15,999","Upto ₹15,300 Off on Exchange",4.4
"realme 8 (Cyber Black, 128 GB)",realme , 8 ,Cyber Black,4 GB,128 GB,17% off,"₹13,999","Upto ₹13,300 Off on Exchange",4.3
"realme C25s (Watery Blue, 64 GB)",realme , C25s ,Watery Blue,4 GB,64 GB,9% off,"₹9,999","Upto ₹9,450 Off on Exchange",4.3
"realme C25s (Watery Blue, 128 GB)",realme , C25s ,Watery Blue,4 GB,128 GB,8% off,"₹10,999","Upto ₹10,450 Off on Exchange",4.3
"SAMSUNG Galaxy F12 (Sea Green, 128 GB)",SAMSUNG , Galaxy F12 ,Sea Green,4 GB,128 GB,21% off,"₹10,999","Upto ₹10,450 Off on Exchange",4.2
"Redmi 9 (Carbon Black, 64 GB)",Redmi , 9 ,Carbon Black,4 GB,64 GB,,"₹9,240",,4.2
"MOTOROLA G30 (Dark Pearl, 64 GB)",MOTOROLA , G30 ,Dark Pearl,4 GB,64 GB,26% off,"₹10,999","Upto ₹10,450 Off on Exchange",4.1
"realme C21 (Cross Black, 32 GB)",realme , C21 ,Cross Black,3 GB,32 GB,20% off,"₹7,999","Upto ₹7,450 Off on Exchange",4.4
"realme C12 (Power Silver, 32 GB)",realme , C12 ,Power Silver,3 GB,32 GB,27% off,"₹7,999","Upto ₹7,450 Off on Exchange",4.4
"OPPO A12 (Deep Blue, 32 GB)",OPPO , A12 ,Deep Blue,3 GB,32 GB,27% off,"₹7,990","Upto ₹7,450 Off on Exchange",4.4
"realme Narzo 20 (Victory Blue, 64 GB)",realme , Narzo 20 ,Victory Blue,4 GB,64 GB,23% off,"₹9,999",,4.3
"realme C25 (Watery Blue, 64 GB)",realme , C25 ,Watery Blue,4 GB,64 GB,9% off,"₹9,999","Upto ₹9,450 Off on Exchange",4.4
"REDMI 9 Power (Mighty Black, 128 GB)",REDMI , 9 Power ,Mighty Black,6 GB,128 GB,23% off,"₹12,999","Upto ₹12,250 Off on Exchange",4.3
"realme 8 5G (Supersonic Blue, 128 GB)",realme , 8 5G ,Supersonic Blue,4 GB,128 GB,11% off,"₹14,999","Upto ₹14,450 Off on Exchange",4.3
"OPPO A53s 5G (Ink Black, 128 GB)",OPPO , A53s 5G ,Ink Black,6 GB,128 GB,11% off,"₹14,990","Upto ₹14,450 Off on Exchange",4.3
"OPPO A53 (Mint Cream, 128 GB)",OPPO , A53 ,Mint Cream,6 GB,128 GB,27% off,"₹12,990","Upto ₹12,250 Off on Exchange",4.4
"GIONEE Max Pro (Red, 32 GB)",GIONEE , Max Pro ,Red,3 GB,32 GB,35% off,"₹6,499","Upto ₹5,900 Off on Exchange",3.9
LAVA A1,LAVA , A1,,,,14% off,₹988,,4.2
LAVA A1,LAVA , A1,,,,14% off,₹988,,4.2
LAVA A1,LAVA , A1,,,,14% off,₹988,,4.2
LAVA A1,LAVA , A1,,,,14% off,₹988,,4.2
"realme 8 (Cyber Black, 128 GB)",realme , 8 ,Cyber Black,4 GB,128 GB,17% off,"₹13,999","Upto ₹13,300 Off on Exchange",4.3
"realme 8 (Cyber Silver, 128 GB)",realme , 8 ,Cyber Silver,8 GB,128 GB,15% off,"₹15,999","Upto ₹15,300 Off on Exchange",4.4
"Infinix Hot 10S (95° Black, 64 GB)",Infinix , Hot 10S , Black,6 GB,64 GB,21% off,"₹10,999","Upto ₹10,450 Off on Exchange",4.3
"Redmi 9 (Carbon Black, 64 GB)",Redmi , 9 ,Carbon Black,4 GB,64 GB,4% off,"₹9,239",,4.2
"Redmi 9 (Sporty Orange, 64 GB)",Redmi , 9 ,Sporty Orange,4 GB,64 GB,17% off,"₹9,100",,4.2
"Infinix Smart 4 Plus (Midnight Black, 32 GB)",Infinix , Smart 4 Plus ,Midnight Black,3 GB,32 GB,20% off,"₹7,999","Upto ₹7,450 Off on Exchange",4.4
"Infinix Smart 4 Plus (Quetzal Cyan, 32 GB)",Infinix , Smart 4 Plus ,Quetzal Cyan,3 GB,32 GB,20% off,"₹7,999","Upto ₹7,450 Off on Exchange",4.4
KARBONN Jumbo K9,KARBONN , Jumbo K9,,,,,"₹1,290",,4.0
BlackZone B310,BlackZone , B310,,,,14% off,₹729,,3.9
"SAMSUNG Galaxy M11 (Black, 64 GB)",SAMSUNG , Galaxy M11 ,Black,4 GB,64 GB,21% off,"₹10,057",,4.3
"ViVO Y20G (Obsidian Black, 64 GB)",ViVO , Y20G ,Obsidian Black,4 GB,64 GB,23% off,"₹12,990","Upto ₹12,400 Off on Exchange",4.3
"MOTOROLA G30 (Dark Pearl, 64 GB)",MOTOROLA , G30 ,Dark Pearl,4 GB,64 GB,26% off,"₹10,999","Upto ₹10,450 Off on Exchange",4.1
"MOTOROLA G40 Fusion (Dynamic Gray, 128 GB)",MOTOROLA , G40 Fusion ,Dynamic Gray,6 GB,128 GB,17% off,"₹16,499","Upto ₹15,300 Off on Exchange",4.3
"Infinix Hot 10S (Heart Of Ocean, 64 GB)",Infinix , Hot 10S ,Heart Of Ocean,4 GB,64 GB,23% off,"₹9,999","Upto ₹9,450 Off on Exchange",4.4
"realme 8 Pro (Illuminating Yellow, 128 GB)",realme , 8 Pro ,Illuminating Yellow,8 GB,128 GB,9% off,"₹19,999","Upto ₹15,300 Off on Exchange",4.3
Nokia 105,Nokia , 105,,,,,"₹1,219",,4.1
Nokia 150 DS 2020,Nokia , 150 DS 2020,,,,,"₹2,585",,4.1
"MOTOROLA G60 (Dynamic Gray, 128 GB)",MOTOROLA , G60 ,Dynamic Gray,6 GB,128 GB,18% off,"₹17,999","Upto ₹15,300 Off on Exchange",4.2
Kechaoda K112,Kechaoda , K112,,,,,"₹1,450",,4.0
"SAMSUNG Galaxy F12 (Sea Green, 64 GB)",SAMSUNG , Galaxy F12 ,Sea Green,4 GB,64 GB,23% off,"₹9,999","Upto ₹9,450 Off on Exchange",4.2
"GIONEE F8 Neo (Black, 32 GB)",GIONEE , F8 Neo ,Black,2 GB,32 GB,,"₹5,444",,3.9
"GIONEE F8 Neo (Blue, 32 GB)",GIONEE , F8 Neo ,Blue,2 GB,32 GB,,"₹5,299",,3.9
Nokia 110 TA-1302 DS,Nokia , 110 TA,,,,,"₹1,658",,4.1
"POCO X3 (Cobalt Blue, 128 GB)",POCO , X3 ,Cobalt Blue,6 GB,128 GB,19% off,"₹16,999","Upto ₹15,300 Off on Exchange",4.4
KARBONN K19 Rock,KARBONN , K19 Rock,,,,18% off,₹890,,3.9
"OPPO A15S (Rainbow Silver, 64 GB)",OPPO , A15S ,Rainbow Silver,4 GB,64 GB,17% off,"₹11,490","Upto ₹10,750 Off on Exchange",4.4
"POCO M2 (Pitch Black, 64 GB)",POCO , M2 ,Pitch Black,6 GB,64 GB,19% off,"₹10,499","Upto ₹9,900 Off on Exchange",4.3
"realme X7 5G (Nebula, 128 GB)",realme , X7 5G ,Nebula,8 GB,128 GB,16% off,"₹19,999","Upto ₹15,300 Off on Exchange",4.3
"Infinix Smart 4 Plus (Violet, 32 GB)",Infinix , Smart 4 Plus ,Violet,3 GB,32 GB,20% off,"₹7,999","Upto ₹7,450 Off on Exchange",4.4
"realme X7 5G (Space Silver, 128 GB)",realme , X7 5G ,Space Silver,6 GB,128 GB,18% off,"₹17,999","Upto ₹15,300 Off on Exchange",4.3
SAMSUNG Guru GT,SAMSUNG , Guru GT,,,,,"₹1,410",,4.2
"REDMI Note 10 (Shadow Black, 64 GB)",REDMI , Note 10 ,Shadow Black,4 GB,64 GB,1% off,"₹13,389",,4.2
"realme Narzo 30 Pro 5G (Sword Black, 128 GB)",realme , Narzo 30 Pro 5G ,Sword Black,8 GB,128 GB,18% off,"₹17,999","Upto ₹15,300 Off on Exchange",4.3
"REDMI Note 9 (Arctic White, 128 GB)",REDMI , Note 9 ,Arctic White,4 GB,128 GB,,"₹16,999",,4.3
KARBONN KX3,KARBONN , KX3,,,,,₹899,,3.9
"Redmi 9 (Sky Blue, 64 GB)",Redmi , 9 ,Sky Blue,4 GB,64 GB,1% off,"₹9,070",,4.2
"realme X7 5G (Nebula, 128 GB)",realme , X7 5G ,Nebula,6 GB,128 GB,18% off,"₹17,999","Upto ₹15,000 Off on Exchange",4.3
"Itel A25 Pro (Gradation Purple, 32 GB)",Itel , A25 Pro ,Gradation Purple,2 GB,32 GB,16% off,"₹4,999","Upto ₹4,450 Off on Exchange",4.1
"Itel A25 Pro (Gradation Blue, 32 GB)",Itel , A25 Pro ,Gradation Blue,2 GB,32 GB,16% off,"₹4,999","Upto ₹4,450 Off on Exchange",4.1
"Itel A25 Pro (Gradation Green, 32 GB)",Itel , A25 Pro ,Gradation Green,2 GB,32 GB,16% off,"₹4,999","Upto ₹4,450 Off on Exchange",4.1
"ViVO Y20G (Purist Blue, 64 GB)",ViVO , Y20G ,Purist Blue,4 GB,64 GB,23% off,"₹12,990","Upto ₹12,400 Off on Exchange",4.3
"ViVO Y20G (Obsidian Black, 128 GB)",ViVO , Y20G ,Obsidian Black,6 GB,128 GB,21% off,"₹14,990","Upto ₹14,200 Off on Exchange",4.3
"SAMSUNG Galaxy F02s (Diamond Blue, 64 GB)",SAMSUNG , Galaxy F02s ,Diamond Blue,4 GB,64 GB,13% off,"₹9,999","Upto ₹9,450 Off on Exchange",4.2
Nokia 5310 TA-1212 DS,Nokia , 5310 TA,,,,4% off,"₹3,559",,4.2
"OPPO A53 (Electric Black, 128 GB)",OPPO , A53 ,Electric Black,6 GB,128 GB,27% off,"₹12,990","Upto ₹12,250 Off on Exchange",4.4
"Itel Vision1 (Gradation Green, 32 GB)",Itel , Vision1 ,Gradation Green,3 GB,32 GB,21% off,"₹6,549","Upto ₹6,000 Off on Exchange",4.1
Micromax X756,Micromax , X756,,,,43% off,"₹1,420",,3.9
"realme C25s (Watery Grey, 64 GB)",realme , C25s ,Watery Grey,4 GB,64 GB,9% off,"₹9,999","Upto ₹9,450 Off on Exchange",4.4
"realme C25s (Watery Grey, 128 GB)",realme , C25s ,Watery Grey,4 GB,128 GB,8% off,"₹10,999","Upto ₹10,450 Off on Exchange",4.4
"Infinix Hot 10S (95° Black, 64 GB)",Infinix , Hot 10S , Black,4 GB,64 GB,23% off,"₹9,999","Upto ₹9,450 Off on Exchange",4.4
"Infinix Hot 10S (7° Purple, 64 GB)",Infinix , Hot 10S , Purple,4 GB,64 GB,23% off,"₹9,999","Upto ₹9,450 Off on Exchange",4.4
"Infinix Hot 10S (Morandi Green, 64 GB)",Infinix , Hot 10S ,Morandi Green,4 GB,64 GB,23% off,"₹9,999","Upto ₹9,450 Off on Exchange",4.4
MU M5000,MU , M5000,,,,,"₹1,150",,4.0
"SAMSUNG Galaxy A21s (Blue, 64 GB)",SAMSUNG , Galaxy A21s ,Blue,4 GB,64 GB,27% off,"₹12,999","Upto ₹12,250 Off on Exchange",4.2
SAMSUNG Guru 1200,SAMSUNG , Guru 1200,,,,2% off,"₹1,410",,4.3
"ViVO Y51A (Crystal Symphony, 128 GB)",ViVO , Y51A ,Crystal Symphony,8 GB,128 GB,18% off,"₹17,990","Upto ₹15,800 Off on Exchange",4.4
"POCO C3 (Lime Green, 64 GB)",POCO , C3 ,Lime Green,4 GB,64 GB,22% off,"₹8,499","Upto ₹7,950 Off on Exchange",4.3
"ViVO Y51A (Titanium Sapphire, 128 GB)",ViVO , Y51A ,Titanium Sapphire,8 GB,128 GB,18% off,"₹17,990","Upto ₹15,800 Off on Exchange",4.4
"ViVO Y30 (Emerald Black, 128 GB)",ViVO , Y30 ,Emerald Black,4 GB,128 GB,26% off,"₹13,990","Upto ₹13,400 Off on Exchange",4.3
"ViVO Y91i (Ocean Blue, 32 GB)",ViVO , Y91i ,Ocean Blue,2 GB,32 GB,25% off,"₹7,490","Upto ₹6,950 Off on Exchange",4.3
LAVA A1,LAVA , A1,,,,14% off,₹988,,4.2
Itel IT2163,Itel , IT2163,,,,10% off,₹835,,4.0
"Infinix Hot 10S (Heart Of Ocean, 64 GB)",Infinix , Hot 10S ,Heart Of Ocean,6 GB,64 GB,21% off,"₹10,999","Upto ₹10,450 Off on Exchange",4.3
"Infinix Hot 10S (Morandi Green, 64 GB)",Infinix , Hot 10S ,Morandi Green,6 GB,64 GB,21% off,"₹10,999","Upto ₹10,450 Off on Exchange",4.3
"POCO M2 Pro (Green and Greener, 128 GB)",POCO , M2 Pro ,Green and Greener,6 GB,128 GB,20% off,"₹15,999","Upto ₹15,300 Off on Exchange",4.4
SAMSUNG Metro 313 Dual Sim,SAMSUNG , Metro 313 Dual Sim,,,,1% off,"₹2,298",,4.2
"ViVO V2033 / V2069 (Glacier Blue, 32 GB)",ViVO , V2033 ,Glacier Blue,3 GB,32 GB,25% off,"₹10,490","Upto ₹9,900 Off on Exchange",4.3
SAMSUNG Metro 313 Dual Sim,SAMSUNG , Metro 313 Dual Sim,,,,1% off,"₹2,297",,4.3
SAMSUNG Metro 313 Dual Sim,SAMSUNG , Metro 313 Dual Sim,,,,,"₹2,338",,4.3
"POCO X3 Pro (Steel Blue, 128 GB)",POCO , X3 Pro ,Steel Blue,6 GB,128 GB,20% off,"₹18,999","Upto ₹15,300 Off on Exchange",4.4
"SAMSUNG Galaxy F62 (Laser Blue, 128 GB)",SAMSUNG , Galaxy F62 ,Laser Blue,8 GB,128 GB,18% off,"₹25,999","Upto ₹15,300 Off on Exchange",4.3
"REDMI 9 Power (Blazing Blue, 128 GB)",REDMI , 9 Power ,Blazing Blue,4 GB,128 GB,25% off,"₹11,999","Upto ₹11,200 Off on Exchange",4.3
"Tecno Spark 6 Go (Mystery White, 64 GB)",Tecno , Spark 6 Go ,Mystery White,4 GB,64 GB,13% off,"₹8,699","Upto ₹8,150 Off on Exchange",4.3
"SAMSUNG Galaxy M31 (Space Black, 128 GB)",SAMSUNG , Galaxy M31 ,Space Black,6 GB,128 GB,13% off,"₹16,378",,4.3
"ViVO Y20G (Purist Blue, 128 GB)",ViVO , Y20G ,Purist Blue,6 GB,128 GB,21% off,"₹14,990","Upto ₹14,200 Off on Exchange",4.3
Micromax X512,Micromax , X512,,,,,"₹1,155",,3.9
LAVA A1,LAVA , A1,,,,14% off,₹988,,4.2
SAMSUNG Metro 313 Dual Sim,SAMSUNG , Metro 313 Dual Sim,,,,,"₹2,299",,4.2
SAMSUNG Metro 313 Dual Sim,SAMSUNG , Metro 313 Dual Sim,,,,1% off,"₹2,297",,4.3
"realme X7 5G (Space Silver, 128 GB)",realme , X7 5G ,Space Silver,8 GB,128 GB,16% off,"₹19,999","Upto ₹15,300 Off on Exchange",4.3
"ViVO Y91i (Fusion Black, 32 GB)",ViVO , Y91i ,Fusion Black,2 GB,32 GB,25% off,"₹7,490","Upto ₹6,950 Off on Exchange",4.3
"POCO M2 (Pitch Black, 64 GB)",POCO , M2 ,Pitch Black,6 GB,64 GB,19% off,"₹10,499","Upto ₹9,900 Off on Exchange",4.3
"realme 7 Pro (Mirror Blue, 128 GB)",realme , 7 Pro ,Mirror Blue,8 GB,128 GB,21% off,"₹17,999","Upto ₹15,300 Off on Exchange",4.4
"Tecno Spark 6 Go (Mystery White, 64 GB)",Tecno , Spark 6 Go ,Mystery White,4 GB,64 GB,13% off,"₹8,699","Upto ₹8,150 Off on Exchange",4.3
"REDMI 9 Power (Electric Green, 128 GB)",REDMI , 9 Power ,Electric Green,6 GB,128 GB,23% off,"₹12,999","Upto ₹12,250 Off on Exchange",4.3
"OPPO A31 (Fantasy White, 64 GB)",OPPO , A31 ,Fantasy White,4 GB,64 GB,,"₹12,484",,4.3
"REDMI 9 Power (Electric Green, 128 GB)",REDMI , 9 Power ,Electric Green,4 GB,128 GB,25% off,"₹11,999","Upto ₹11,200 Off on Exchange",4.3
"POCO X3 Pro (Steel Blue, 128 GB)",POCO , X3 Pro ,Steel Blue,6 GB,128 GB,20% off,"₹18,999","Upto ₹15,300 Off on Exchange",4.4
"SAMSUNG Galaxy F62 (Laser Green, 128 GB)",SAMSUNG , Galaxy F62 ,Laser Green,8 GB,128 GB,18% off,"₹25,999","Upto ₹15,300 Off on Exchange",4.3
"OPPO A15s (Dynamic Black, 64 GB)",OPPO , A15s ,Dynamic Black,4 GB,64 GB,17% off,"₹11,490","Upto ₹10,750 Off on Exchange",4.4
"Tecno Spark Go 2020 (Mystery White, 32 GB)",Tecno , Spark Go 2020 ,Mystery White,2 GB,32 GB,12% off,"₹6,999","Upto ₹6,450 Off on Exchange",4.4
"SAMSUNG Galaxy M11 (Black, 64 GB)",SAMSUNG , Galaxy M11 ,Black,4 GB,64 GB,21% off,"₹10,057",,4.3
"APPLE iPhone 11 (Black, 64 GB)",APPLE , iPhone 11 ,Black,,64 GB,8% off,"₹49,999","Upto ₹15,300 Off on Exchange",4.6
"Tecno Spark 6 Go (Aqua Blue, 64 GB)",Tecno , Spark 6 Go ,Aqua Blue,4 GB,64 GB,13% off,"₹8,699","Upto ₹8,150 Off on Exchange",4.3
MU M5000,MU , M5000,,,,,"₹1,150",,4.0
Kechaoda K112,Kechaoda , K112,,,,,"₹1,450",,4.0
"SAMSUNG Galaxy M31 (Space Black, 64 GB)",SAMSUNG , Galaxy M31 ,Space Black,6 GB,64 GB,,"₹15,999",,4.3
"Redmi 9A (Midnight Black, 32 GB)",Redmi , 9A ,Midnight Black,2 GB,32 GB,14% off,"₹7,285",,4.3
Itel IT2163,Itel , IT2163,,,,10% off,₹835,,4.0
Itel IT2163,Itel , IT2163,,,,10% off,₹835,,4.0
"SAMSUNG GALAXY M51 (Celestial Black, 128 GB)",SAMSUNG , GALAXY M51 ,Celestial Black,6 GB,128 GB,14% off,"₹22,984",,4.3
"MOTOROLA E7 Plus (Misty Blue, 64 GB)",MOTOROLA , E7 Plus ,Misty Blue,4 GB,64 GB,30% off,"₹8,999","Upto ₹8,350 Off on Exchange",4.2
"OPPO A53s 5G (Ink Black, 128 GB)",OPPO , A53s 5G ,Ink Black,8 GB,128 GB,10% off,"₹16,990","Upto ₹15,300 Off on Exchange",4.3
"Apple iPhone XR (White, 128 GB) (Includes EarPods, Powe...",Apple , iPhone XR ,White,,128 GB,18% off,"₹42,999","Upto ₹15,300 Off on Exchange",4.6
"REDMI Note 10 (Aqua Green, 64 GB)",REDMI , Note 10 ,Aqua Green,4 GB,64 GB,2% off,"₹13,540",,4.2
"OPPO F17 Pro (Metallic White, 128 GB)",OPPO , F17 Pro ,Metallic White,8 GB,128 GB,30% off,"₹17,990","Upto ₹15,300 Off on Exchange",4.4
"OPPO F17 Pro (Matte Black, 128 GB)",OPPO , F17 Pro ,Matte Black,8 GB,128 GB,30% off,"₹17,990","Upto ₹15,300 Off on Exchange",4.4
Nokia 5310 DS 2020,Nokia , 5310 DS 2020,,,,,"₹3,596",,4.2
"realme C11 (Rich Grey, 32 GB)",realme , C11 ,Rich Grey,2 GB,32 GB,16% off,"₹7,499","Upto ₹6,950 Off on Exchange",4.4
"realme C11 (Rich Green, 32 GB)",realme , C11 ,Rich Green,2 GB,32 GB,16% off,"₹7,499","Upto ₹6,950 Off on Exchange",4.4
"SAMSUNG Galaxy F02s (Diamond Blue, 32 GB)",SAMSUNG , Galaxy F02s ,Diamond Blue,3 GB,32 GB,14% off,"₹8,999","Upto ₹8,350 Off on Exchange",4.2
"OPPO F17 Pro (Magic Blue, 128 GB)",OPPO , F17 Pro ,Magic Blue,8 GB,128 GB,30% off,"₹17,990","Upto ₹15,300 Off on Exchange",4.4
"realme 8 Pro (Illuminating Yellow, 128 GB)",realme , 8 Pro ,Illuminating Yellow,6 GB,128 GB,10% off,"₹17,999","Upto ₹15,300 Off on Exchange",4.3
"realme 8 Pro (Infinite Blue, 128 GB)",realme , 8 Pro ,Infinite Blue,6 GB,128 GB,10% off,"₹17,999","Upto ₹15,300 Off on Exchange",4.3
"Tecno Spark Go 2020 (Ice jadeite, 32 GB)",Tecno , Spark Go 2020 ,Ice jadeite,2 GB,32 GB,12% off,"₹6,999","Upto ₹6,450 Off on Exchange",4.4
"Tecno Spark Go 2020 (Ice jadeite, 32 GB)",Tecno , Spark Go 2020 ,Ice jadeite,2 GB,32 GB,12% off,"₹6,999","Upto ₹6,450 Off on Exchange",4.4
LAVA A1,LAVA , A1,,,,,"₹1,199",,4.2
"Apple iPhone XR (White, 128 GB) (Includes EarPods, Powe...",Apple , iPhone XR ,White,,128 GB,18% off,"₹42,999","Upto ₹15,300 Off on Exchange",4.6
Nokia 5310 DS 2020,Nokia , 5310 DS 2020,,,,,"₹3,596",,4.2
"SAMSUNG Galaxy F02s (Diamond Blue, 32 GB)",SAMSUNG , Galaxy F02s ,Diamond Blue,3 GB,32 GB,14% off,"₹8,999","Upto ₹8,350 Off on Exchange",4.2
"POCO X3 Pro (Steel Blue, 128 GB)",POCO , X3 Pro ,Steel Blue,8 GB,128 GB,19% off,"₹20,999","Upto ₹15,300 Off on Exchange",4.4
I Kall K44 NEW,I , Kall K44 NEW,,,,13% off,₹669,,3.7
"MOTOROLA E7 Plus (Misty Blue, 64 GB)",MOTOROLA , E7 Plus ,Misty Blue,4 GB,64 GB,30% off,"₹8,999","Upto ₹8,350 Off on Exchange",4.2
"Panasonic Eluga I7 (Black, 16 GB)",Panasonic , Eluga I7 ,Black,2 GB,16 GB,,"₹5,299",,3.7
Itel Muzik 400,Itel , Muzik 400,,,,3% off,"₹1,425",,4.1
"POCO M2 Pro (Two Shades of Black, 64 GB)",POCO , M2 Pro ,Two Shades of Black,4 GB,64 GB,23% off,"₹12,999","Upto ₹12,250 Off on Exchange",4.4
"OPPO F17 Pro (Magic Blue, 128 GB)",OPPO , F17 Pro ,Magic Blue,8 GB,128 GB,30% off,"₹17,990","Upto ₹15,300 Off on Exchange",4.4
"OPPO F17 Pro (Matte Black, 128 GB)",OPPO , F17 Pro ,Matte Black,8 GB,128 GB,30% off,"₹17,990","Upto ₹15,300 Off on Exchange",4.4
"OPPO F17 Pro (Metallic White, 128 GB)",OPPO , F17 Pro ,Metallic White,8 GB,128 GB,30% off,"₹17,990","Upto ₹15,300 Off on Exchange",4.4
Lava Pulse Mobile Phone-With BP & Heart Rate Monitor,Lava , Pulse Mobile Phone,,,,23% off,"₹1,495",,4.1
Micromax X816,Micromax , X816,,,,,"₹1,549",,4.2
Itel IT2163,Itel , IT2163,,,,,₹835,,4.0
"REDMI Note 10 (Aqua Green, 64 GB)",REDMI , Note 10 ,Aqua Green,4 GB,64 GB,2% off,"₹13,540",,4.2
BlackZone EVEREST,BlackZone , EVEREST,,,,8% off,₹779,,3.9
BlackZone EVEREST,BlackZone , EVEREST,,,,8% off,₹779,,3.9
"Panasonic ELUGA I6 (Black, 16 GB)",Panasonic , ELUGA I6 ,Black,2 GB,16 GB,,"₹5,001",,3.7
"REDMI 9 Power (Blazing Blue, 128 GB)",REDMI , 9 Power ,Blazing Blue,6 GB,128 GB,23% off,"₹12,999","Upto ₹12,250 Off on Exchange",4.3
"SAMSUNG Galaxy M12 (Blue, 64 GB)",SAMSUNG , Galaxy M12 ,Blue,4 GB,64 GB,1% off,"₹11,332",,4.2
Kechaoda A26,Kechaoda , A26,,,,9% off,₹999,,4.1
Kechaoda A26,Kechaoda , A26,,,,13% off,₹949,,4.1
"OPPO A31 (Mystery Black, 128 GB)",OPPO , A31 ,Mystery Black,6 GB,128 GB,3% off,"₹12,490",,4.3
LAVA A9,LAVA , A9,,,,14% off,"₹1,577",,4.2
LAVA A9,LAVA , A9,,,,14% off,"₹1,577",,4.2
"SAMSUNG Galaxy M02 (Blue, 32 GB)",SAMSUNG , Galaxy M02 ,Blue,2 GB,32 GB,,"₹7,668",,4.1
"POCO C3 (Matte Black, 32 GB)",POCO , C3 ,Matte Black,3 GB,32 GB,25% off,"₹7,499","Upto ₹6,950 Off on Exchange",4.3
"Itel A48 (Gradation Green, 32 GB)",Itel , A48 ,Gradation Green,2 GB,32 GB,1% off,"₹5,899",,4.0
Itel IT2173,Itel , IT2173,,,,,₹924,,4.1
I Kall K 48,I , Kall K 48,,,,12% off,₹719,,3.7
KARBONN K9,KARBONN , K9,,,,10% off,"₹1,249",,4.1
LAVA A9,LAVA , A9,,,,,"₹1,798",,4.2
"realme 7 Pro (Mirror Silver, 128 GB)",realme , 7 Pro ,Mirror Silver,8 GB,128 GB,21% off,"₹17,999","Upto ₹15,300 Off on Exchange",4.4
"realme 7 Pro (Mirror Blue, 128 GB)",realme , 7 Pro ,Mirror Blue,6 GB,128 GB,23% off,"₹15,999","Upto ₹15,300 Off on Exchange",4.4
KARBONN KX 10i,KARBONN , KX 10i,,,,,₹840,,4.0
"realme 7 Pro (Sun Kissed Leather, 128 GB)",realme , 7 Pro ,Sun Kissed Leather,8 GB,128 GB,21% off,"₹17,999","Upto ₹15,300 Off on Exchange",4.4
"realme X7 Max (Asteroid Black, 128 GB)",realme , X7 Max ,Asteroid Black,8 GB,128 GB,10% off,"₹26,999","Upto ₹15,300 Off on Exchange",4.4
Itel Ace Young,Itel , Ace Young,,,,11% off,₹749,,4.0
"MOTOROLA G60 (Frosted Champagne, 128 GB)",MOTOROLA , G60 ,Frosted Champagne,6 GB,128 GB,18% off,"₹17,999","Upto ₹15,300 Off on Exchange",4.2
LAVA A9,LAVA , A9,,,,14% off,"₹1,577",,4.2
LAVA A9,LAVA , A9,,,,14% off,"₹1,577",,4.2
Itel Ace,Itel , Ace,,,,11% off,₹775,,4.1
"Micromax IN 1 (Purple, 64 GB)",Micromax , IN 1 ,Purple,4 GB,64 GB,33% off,"₹9,999","Upto ₹9,450 Off on Exchange",4.3
KARBONN KX 10i,KARBONN , KX 10i,,,,,₹840,,4.0
Kechaoda K115,Kechaoda , K115,,,,,₹999,,4.1
"realme 3i (Diamond Blue, 32 GB)",realme , 3i ,Diamond Blue,3 GB,32 GB,5% off,"₹8,499","Upto ₹7,950 Off on Exchange",4.4
"Micromax IN 1 (Purple, 128 GB)",Micromax , IN 1 ,Purple,6 GB,128 GB,30% off,"₹11,499","Upto ₹10,750 Off on Exchange",4.3
"MOTOROLA E7 Power (Coral Red, 32 GB)",MOTOROLA , E7 Power ,Coral Red,2 GB,32 GB,30% off,"₹6,999","Upto ₹6,450 Off on Exchange",4.2
"SAMSUNG Galaxy A71 (Haze Crush Silver, 128 GB)",SAMSUNG , Galaxy A71 ,Haze Crush Silver,8 GB,128 GB,21% off,"₹27,499","Upto ₹16,300 Off on Exchange",4.4
"Micromax IN 1 (Blue, 128 GB)",Micromax , IN 1 ,Blue,6 GB,128 GB,30% off,"₹11,499","Upto ₹10,750 Off on Exchange",4.3
"SAMSUNG Galaxy M12 (Blue, 64 GB)",SAMSUNG , Galaxy M12 ,Blue,4 GB,64 GB,15% off,"₹11,020",,4.2
"SAMSUNG Galaxy M02 (Blue, 32 GB)",SAMSUNG , Galaxy M02 ,Blue,2 GB,32 GB,,"₹7,670",,4.1
LAVA 34 Ultra,LAVA , 34 Ultra,,,,8% off,"₹1,458",,4.2
Nokia 3310 DS 2020,Nokia , 3310 DS 2020,,,,,"₹3,699",,3.8
Nokia 3310 DS 2020,Nokia , 3310 DS 2020,,,,,"₹3,679",,3.8
I Kall K 48,I , Kall K 48,,,,12% off,₹719,,3.7
LAVA A9,LAVA , A9,,,,,"₹1,798",,4.2
"SAMSUNG Galaxy M01 (Black, 32 GB)",SAMSUNG , Galaxy M01 ,Black,3 GB,32 GB,,"₹7,790",,4.2
"SAMSUNG Galaxy F12 (Celestial Black, 64 GB)",SAMSUNG , Galaxy F12 ,Celestial Black,4 GB,64 GB,23% off,"₹9,999","Upto ₹9,450 Off on Exchange",4.2
Micromax X381,Micromax , X381,,,,38% off,₹915,,4.0
"POCO M2 Pro (Out of the Blue, 128 GB)",POCO , M2 Pro ,Out of the Blue,6 GB,128 GB,20% off,"₹15,999","Upto ₹15,300 Off on Exchange",4.4
"LAVA Z61 Pro (Lavender Blue, 16 GB)",LAVA , Z61 Pro ,Lavender Blue,2 GB,16 GB,11% off,"₹5,777","Upto ₹5,250 Off on Exchange",4.0
"SAMSUNG Galaxy A31 (Prism Crush Black, 128 GB)",SAMSUNG , Galaxy A31 ,Prism Crush Black,6 GB,128 GB,29% off,"₹16,999","Upto ₹15,300 Off on Exchange",4.3
"APPLE iPhone SE (White, 64 GB)",APPLE , iPhone SE ,White,,64 GB,19% off,"₹31,999","Upto ₹15,300 Off on Exchange",4.5
"Tecno POVA (Magic Blue, 64 GB)",Tecno , POVA ,Magic Blue,4 GB,64 GB,12% off,"₹10,499","Upto ₹9,900 Off on Exchange",4.3
"SAMSUNG Galaxy A51 (Haze Crush Silver, 128 GB)",SAMSUNG , Galaxy A51 ,Haze Crush Silver,6 GB,128 GB,19% off,"₹20,999","Upto ₹16,300 Off on Exchange",4.3
KARBONN KX3,KARBONN , KX3,,,,,₹899,,3.9
"Tecno Spark 6 Go (Ice Jadeite, 64 GB)",Tecno , Spark 6 Go ,Ice Jadeite,4 GB,64 GB,9% off,"₹8,990",,4.3
"POCO M2 Pro (Two Shades of Black, 64 GB)",POCO , M2 Pro ,Two Shades of Black,6 GB,64 GB,22% off,"₹13,999","Upto ₹13,300 Off on Exchange",4.4
Kechaoda K33,Kechaoda , K33,,,,4% off,"₹1,049",,4.0
Kechaoda K115,Kechaoda , K115,,,,,₹999,,4.1
Kechaoda K115,Kechaoda , K115,,,,,₹960,,4.1
Kechaoda K115,Kechaoda , K115,,,,,"₹1,019",,4.1
Kechaoda K115,Kechaoda , K115,,,,,"₹1,028",,4.1
"MOTOROLA G9 Power (Electric Violet, 64 GB)",MOTOROLA , G9 Power ,Electric Violet,4 GB,64 GB,25% off,"₹11,999","Upto ₹11,200 Off on Exchange",4.1
Itel Power 400,Itel , Power 400,,,,7% off,"₹1,225",,4.1
Itel IT2173,Itel , IT2173,,,,3% off,₹917,,4.1
"realme 3i (Diamond Blue, 64 GB)",realme , 3i ,Diamond Blue,4 GB,64 GB,4% off,"₹10,499","Upto ₹9,900 Off on Exchange",4.4
KARBONN K19 Rock,KARBONN , K19 Rock,,,,18% off,₹890,,3.9
Itel It 5605n,Itel , It 5605n,,,,8% off,"₹1,119",,4.2
"realme Narzo 20 Pro (Black Ninja, 64 GB)",realme , Narzo 20 Pro ,Black Ninja,6 GB,64 GB,11% off,"₹14,999","Upto ₹14,450 Off on Exchange",4.3
"Tecno Camon 15 (SHOAL GOLD, 64 GB)",Tecno , Camon 15 ,SHOAL GOLD,4 GB,64 GB,20% off,"₹9,999","Upto ₹9,450 Off on Exchange",4.2
"OPPO F17 (Navy Blue, 128 GB)",OPPO , F17 ,Navy Blue,6 GB,128 GB,19% off,"₹16,990","Upto ₹15,300 Off on Exchange",4.2
"OPPO F19 Pro (Crystal Silver, 256 GB)",OPPO , F19 Pro ,Crystal Silver,8 GB,256 GB,9% off,"₹23,490","Upto ₹15,300 Off on Exchange",4.3
"SAMSUNG Galaxy M42 5G (Prism Dot Black, 128 GB)",SAMSUNG , Galaxy M42 5G ,Prism Dot Black,6 GB,128 GB,,"₹21,580",,4.5
Nokia 105 DS 2020,Nokia , 105 DS 2020,,,,1% off,"₹1,370",,4.2
"realme 7i (Fusion Blue, 64 GB)",realme , 7i ,Fusion Blue,4 GB,64 GB,14% off,"₹11,999","Upto ₹11,200 Off on Exchange",4.3
"OPPO A15 (Dynamic Black, 32 GB)",OPPO , A15 ,Dynamic Black,3 GB,32 GB,23% off,"₹9,990","Upto ₹9,450 Off on Exchange",4.3
"POCO M2 Pro (Green and Greener, 64 GB)",POCO , M2 Pro ,Green and Greener,6 GB,64 GB,22% off,"₹13,999","Upto ₹13,300 Off on Exchange",4.4
"ViVO V21 5G (Dusk Blue, 256 GB)",ViVO , V21 5G ,Dusk Blue,8 GB,256 GB,8% off,"₹32,990","Upto ₹17,800 Off on Exchange",4.3
"OPPO F17 (Classic Silver, 128 GB)",OPPO , F17 ,Classic Silver,6 GB,128 GB,19% off,"₹16,990","Upto ₹15,300 Off on Exchange",4.2
"APPLE iPhone SE (Black, 64 GB)",APPLE , iPhone SE ,Black,,64 GB,19% off,"₹31,999","Upto ₹15,300 Off on Exchange",4.5
LAVA A1200,LAVA , A1200,,,,,"₹1,399",,4.2
"REDMI Note 10 (Frost White, 64 GB)",REDMI , Note 10 ,Frost White,4 GB,64 GB,6% off,"₹13,429",,4.2
KARBONN KX 10i,KARBONN , KX 10i,,,,,₹840,,4.0
"SAMSUNG M31s (Mirage Blue, 128 GB)",SAMSUNG , M31s ,Mirage Blue,8 GB,128 GB,13% off,"₹21,616",,4.2
Kechaoda K66 Plus,Kechaoda , K66 Plus,,,,,"₹1,049",,4.1
"SAMSUNG Galaxy A21s (Silver, 128 GB)",SAMSUNG , Galaxy A21s ,Silver,6 GB,128 GB,7% off,"₹17,499","Upto ₹15,300 Off on Exchange",4.2
DETEL D1 Guru,DETEL , D1 Guru,,,,,₹725,,3.6
Kechaoda K66 Plus,Kechaoda , K66 Plus,,,,,"₹1,100",,4.1
KARBONN KX26,KARBONN , KX26,,,,,"₹1,149",,3.9
Kechaoda K115,Kechaoda , K115,,,,,₹999,,4.1
Kechaoda K115,Kechaoda , K115,,,,,₹999,,4.1
"SAMSUNG Galaxy M51 (Electric Blue, 128 GB)",SAMSUNG , Galaxy M51 ,Electric Blue,8 GB,128 GB,,"₹25,800",,4.4
Itel Muzik 400,Itel , Muzik 400,,,,3% off,"₹1,425",,4.1
"REDMI 9 Power (Fiery Red, 128 GB)",REDMI , 9 Power ,Fiery Red,6 GB,128 GB,23% off,"₹12,999","Upto ₹12,250 Off on Exchange",4.3
"APPLE iPhone 11 (Red, 64 GB)",APPLE , iPhone 11 ,Red,,64 GB,8% off,"₹49,999","Upto ₹15,300 Off on Exchange",4.6
Kechaoda A26,Kechaoda , A26,,,,,₹984,,4.1
Kechaoda A26,Kechaoda , A26,,,,,₹959,,4.1
Kechaoda A26,Kechaoda , A26,,,,,₹960,,4.1
"ViVO V21 5G (Sunset Dazzle, 256 GB)",ViVO , V21 5G ,Sunset Dazzle,8 GB,256 GB,8% off,"₹32,990","Upto ₹17,800 Off on Exchange",4.3
"ViVO V21 5G (Sunset Dazzle, 128 GB)",ViVO , V21 5G ,Sunset Dazzle,8 GB,128 GB,9% off,"₹29,990","Upto ₹17,800 Off on Exchange",4.3
"ViVO V21 5G (Arctic White, 128 GB)",ViVO , V21 5G ,Arctic White,8 GB,128 GB,9% off,"₹29,990","Upto ₹17,800 Off on Exchange",4.3
I Kall K 48,I , Kall K 48,,,,13% off,₹719,,3.7
"SAMSUNG Galaxy M31s (Mirage Blue, 128 GB)",SAMSUNG , Galaxy M31s ,Mirage Blue,6 GB,128 GB,10% off,"₹19,361",,4.2
GFive U106 Combo of Two,GFive , U106 Combo of Two,,,,,"₹1,259",,3.6
"REDMI Note 10 Pro Max (Vintage Bronze, 128 GB)",REDMI , Note 10 Pro Max ,Vintage Bronze,6 GB,128 GB,,"₹21,499",,4.3
"APPLE iPhone SE (Black, 64 GB)",APPLE , iPhone SE ,Black,,64 GB,19% off,"₹31,999","Upto ₹15,300 Off on Exchange",4.5
Lava Pulse Mobile Phone-With BP & Heart Rate Monitor,Lava , Pulse Mobile Phone,,,,23% off,"₹1,495",,4.1
"realme 3i (Diamond Blue, 64 GB)",realme , 3i ,Diamond Blue,4 GB,64 GB,4% off,"₹10,499","Upto ₹9,900 Off on Exchange",4.4
"REDMI Note 10 (Frost White, 64 GB)",REDMI , Note 10 ,Frost White,4 GB,64 GB,6% off,"₹13,429",,4.2
KARBONN KX 10i,KARBONN , KX 10i,,,,,₹840,,4.0
"SAMSUNG M31s (Mirage Blue, 128 GB)",SAMSUNG , M31s ,Mirage Blue,8 GB,128 GB,13% off,"₹21,616",,4.2
Kechaoda K66 Plus,Kechaoda , K66 Plus,,,,,"₹1,049",,4.1
DETEL D1 Guru,DETEL , D1 Guru,,,,,₹725,,3.6
Kechaoda K66 Plus,Kechaoda , K66 Plus,,,,,"₹1,100",,4.1
KARBONN KX26,KARBONN , KX26,,,,,"₹1,149",,3.9
"Google Pixel 4a (Just Black, 128 GB)",Google , Pixel 4a ,Just Black,6 GB,128 GB,15% off,"₹26,999","Upto ₹15,300 Off on Exchange",4.6
"SAMSUNG Galaxy M51 (Electric Blue, 128 GB)",SAMSUNG , Galaxy M51 ,Electric Blue,8 GB,128 GB,,"₹25,800",,4.4
Itel Muzik 400,Itel , Muzik 400,,,,3% off,"₹1,425",,4.1
"REDMI 9 Power (Fiery Red, 128 GB)",REDMI , 9 Power ,Fiery Red,6 GB,128 GB,23% off,"₹12,999","Upto ₹12,250 Off on Exchange",4.3
"APPLE iPhone 11 (Red, 64 GB)",APPLE , iPhone 11 ,Red,,64 GB,8% off,"₹49,999","Upto ₹15,300 Off on Exchange",4.6
"SAMSUNG Galaxy M11 (Metallic Blue, 64 GB)",SAMSUNG , Galaxy M11 ,Metallic Blue,4 GB,64 GB,30% off,"₹10,060",,4.3
Kechaoda A26,Kechaoda , A26,,,,,₹959,,4.1
Kechaoda A26,Kechaoda , A26,,,,,₹984,,4.1
Kechaoda A26,Kechaoda , A26,,,,,₹960,,4.1
"ViVO V21 5G (Sunset Dazzle, 256 GB)",ViVO , V21 5G ,Sunset Dazzle,8 GB,256 GB,8% off,"₹32,990","Upto ₹17,800 Off on Exchange",4.3
"ViVO V21 5G (Arctic White, 128 GB)",ViVO , V21 5G ,Arctic White,8 GB,128 GB,9% off,"₹29,990","Upto ₹17,800 Off on Exchange",4.3
"ViVO V21 5G (Sunset Dazzle, 128 GB)",ViVO , V21 5G ,Sunset Dazzle,8 GB,128 GB,9% off,"₹29,990","Upto ₹17,800 Off on Exchange",4.3
I Kall K 48,I , Kall K 48,,,,13% off,₹719,,3.7
"POCO X3 (Shadow Gray, 128 GB)",POCO , X3 ,Shadow Gray,8 GB,128 GB,17% off,"₹18,999","Upto ₹15,300 Off on Exchange",4.3
GFive U106 Combo of Two,GFive , U106 Combo of Two,,,,,"₹1,259",,3.6
"LAVA Z61 Pro (Champagne Gold, 16 GB)",LAVA , Z61 Pro ,Champagne Gold,2 GB,16 GB,11% off,"₹5,777","Upto ₹5,250 Off on Exchange",4.0
Snexian Rock,Snexian , Rock,,,,3% off,"₹1,199",,4.0
"REDMI Note 10 Pro Max (Vintage Bronze, 128 GB)",REDMI , Note 10 Pro Max ,Vintage Bronze,6 GB,128 GB,,"₹21,499",,4.3
Snexian Rock,Snexian , Rock,,,,3% off,"₹1,199",,4.0
"SAMSUNG Galaxy M31 (Ocean Blue, 128 GB)",SAMSUNG , Galaxy M31 ,Ocean Blue,8 GB,128 GB,,"₹19,999",,4.3
"ViVO V21 5G (Dusk Blue, 128 GB)",ViVO , V21 5G ,Dusk Blue,8 GB,128 GB,9% off,"₹29,990","Upto ₹17,800 Off on Exchange",4.3
"Nokia C3 (Nordic Blue, 16 GB)",Nokia , C3 ,Nordic Blue,2 GB,16 GB,20% off,"₹6,749","Upto ₹6,200 Off on Exchange",3.9
"SAMSUNG Galaxy M21 (Midnight Blue, 64 GB)",SAMSUNG , Galaxy M21 ,Midnight Blue,4 GB,64 GB,,"₹13,554",,4.3
"SAMSUNG M31 Prime (IceBerg Blue, 128 GB)",SAMSUNG , M31 Prime ,IceBerg Blue,6 GB,128 GB,8% off,"₹16,990",,4.4
Nokia 150 TA-1235 DS,Nokia , 150 TA,,,,,"₹2,549",,4.1
Good One Magic,Good , One Magic,,,,,"₹1,499",,4.0
"Itel Vision1 (Gradation Blue, 32 GB)",Itel , Vision1 ,Gradation Blue,3 GB,32 GB,21% off,"₹6,549","Upto ₹6,000 Off on Exchange",4.1
Kechaoda K33,Kechaoda , K33,,,,,"₹1,049",,4.0
Kechaoda K33,Kechaoda , K33,,,,,"₹1,039",,4.0
Kechaoda K33,Kechaoda , K33,,,,4% off,"₹1,049",,4.0
Itel Power 410,Itel , Power 410,,,,,"₹1,249",,4.2
Nokia 125 TA-1253 DS,Nokia , 125 TA,,,,1% off,"₹2,248",,4.0
DETEL D1 Guru,DETEL , D1 Guru,,,,,₹725,,3.6
"SAMSUNG GALAXY M31S (Mirage Black, 128 GB)",SAMSUNG , GALAXY M31S ,Mirage Black,8 GB,128 GB,10% off,"₹21,569",,4.4
"realme 3i (Diamond Black, 32 GB)",realme , 3i ,Diamond Black,3 GB,32 GB,5% off,"₹8,499","Upto ₹7,950 Off on Exchange",4.4
"Itel A48 (Gradation Green, 32 GB)",Itel , A48 ,Gradation Green,2 GB,32 GB,,"₹6,090",,4.0
"realme 7 (Mist White, 64 GB)",realme , 7 ,Mist White,6 GB,64 GB,22% off,"₹13,999","Upto ₹13,300 Off on Exchange",4.3
LAVA Gem Wave / GEM,LAVA , Gem Wave ,,,,15% off,"₹1,599",,4.2
"SAMSUNG Galaxy A31 (Prism Crush White, 128 GB)",SAMSUNG , Galaxy A31 ,Prism Crush White,6 GB,128 GB,29% off,"₹16,999","Upto ₹15,300 Off on Exchange",4.3
Itel Magic2 Max,Itel , Magic2 Max,,,,6% off,"₹1,399",,4.2
"SAMSUNG Galaxy M21 (Iceberg Blue, 64 GB)",SAMSUNG , Galaxy M21 ,Iceberg Blue,4 GB,64 GB,5% off,"₹14,199",,4.3
"APPLE iPhone SE (White, 128 GB)",APPLE , iPhone SE ,White,,128 GB,22% off,"₹34,999","Upto ₹15,300 Off on Exchange",4.5
Nuvo One-Echo (Without Accessories),Nuvo , One,,,,,₹699,,3.7
"OPPO A74 5G BLACK (Fluid Black, 128 GB)",OPPO , A74 5G BLACK ,Fluid Black,6 GB,128 GB,,"₹17,958",,4.2
"APPLE iPhone SE (Black, 128 GB)",APPLE , iPhone SE ,Black,,128 GB,22% off,"₹34,999","Upto ₹15,300 Off on Exchange",4.5
KARBONN KX26,KARBONN , KX26,,,,,"₹1,149",,3.9
KARBONN KX26,KARBONN , KX26,,,,,"₹1,149",,3.9
"OPPO A11K (Deep Blue, 32 GB)",OPPO , A11K ,Deep Blue,2 GB,32 GB,22% off,"₹8,490","Upto ₹7,950 Off on Exchange",4.2
Micromax J1,Micromax , J1,,,,,₹825,,4.2
Micromax X809,Micromax , X809,,,,39% off,"₹1,219",,3.9
"REDMI Note 9 (Arctic White, 128 GB)",REDMI , Note 9 ,Arctic White,6 GB,128 GB,26% off,"₹13,999","Upto ₹13,250 Off on Exchange",4.3
"SAMSUNG Galaxy A51 (Prism Crush Blue, 128 GB)",SAMSUNG , Galaxy A51 ,Prism Crush Blue,8 GB,128 GB,25% off,"₹22,499","Upto ₹16,300 Off on Exchange",4.3
"realme C3 (Frozen Blue, 32 GB)",realme , C3 ,Frozen Blue,3 GB,32 GB,,"₹8,999","Upto ₹8,350 Off on Exchange",4.4
GFive A1 Combo of Two,GFive , A1 Combo of Two,,,,,"₹1,259",,3.5
KARBONN KX3,KARBONN , KX3,,,,,₹899,,3.9
Micromax X421,Micromax , X421,,,,,₹965,,4.1
Kechaoda K115,Kechaoda , K115,,,,,₹999,,4.1
Kechaoda K115,Kechaoda , K115,,,,,₹999,,4.1
Nokia 125 DS 2020,Nokia , 125 DS 2020,,,,4% off,"₹2,290",,3.9
GREENBERRI F1,GREENBERRI , F1,,,,3% off,"₹1,399",,4.0
Snexian Rock,Snexian , Rock,,,,1% off,"₹1,199",,4.0
GREENBERRI F1,GREENBERRI , F1,,,,3% off,"₹1,399",,4.0
"realme X7 Max (Mercury Silver, 128 GB)",realme , X7 Max ,Mercury Silver,8 GB,128 GB,10% off,"₹26,999","Upto ₹15,300 Off on Exchange",4.4
"realme X7 Max (Mercury Silver, 256 GB)",realme , X7 Max ,Mercury Silver,12 GB,256 GB,9% off,"₹29,999","Upto ₹15,300 Off on Exchange",4.4
"APPLE iPhone SE (Red, 128 GB)",APPLE , iPhone SE ,Red,,128 GB,22% off,"₹34,999","Upto ₹15,300 Off on Exchange",4.5
"Infinix Zero 8i (Silver Diamond, 128 GB)",Infinix , Zero 8i ,Silver Diamond,8 GB,128 GB,21% off,"₹14,999","Upto ₹14,450 Off on Exchange",4.2
"REDMI Note 10 (Aqua Green, 128 GB)",REDMI , Note 10 ,Aqua Green,6 GB,128 GB,,"₹16,400",,4.3
Snexian Rock,Snexian , Rock,,,,35% off,"₹1,299",,4.0
GREENBERRI F1,GREENBERRI , F1,,,,,"₹1,399",,4.0
"REDMI 8A Dual (Sea Blue, 32 GB)",REDMI , 8A Dual ,Sea Blue,2 GB,32 GB,3% off,"₹7,990",,4.3
"Infinix Zero 8i (Black Diamond, 128 GB)",Infinix , Zero 8i ,Black Diamond,8 GB,128 GB,21% off,"₹14,999","Upto ₹14,450 Off on Exchange",4.2
GFive i1 Combo of Two Mobiles,GFive , i1 Combo of Two Mobiles,,,,,"₹1,299",,4.2
KARBONN KX19,KARBONN , KX19,,,,,₹925,,3.9
GREENBERRI F1,GREENBERRI , F1,,,,,"₹1,399",,4.0
Easyfone Elite,Easyfone , Elite,,,,,"₹3,150",,4.1
"MOTOROLA G40 Fusion (Dynamic Gray, 64 GB)",MOTOROLA , G40 Fusion ,Dynamic Gray,4 GB,64 GB,14% off,"₹14,499","Upto ₹13,700 Off on Exchange",4.3
"APPLE iPhone SE (Red, 64 GB)",APPLE , iPhone SE ,Red,,64 GB,19% off,"₹31,999","Upto ₹15,300 Off on Exchange",4.5
"APPLE iPhone SE (White, 128 GB)",APPLE , iPhone SE ,White,,128 GB,22% off,"₹34,999","Upto ₹15,300 Off on Exchange",4.5
"REDMI Note 10 (Frost White, 128 GB)",REDMI , Note 10 ,Frost White,6 GB,128 GB,,"₹16,995",,4.3
KARBONN KX3,KARBONN , KX3,,,,,₹899,,3.9
"REDMI Note 9 (Arctic White, 128 GB)",REDMI , Note 9 ,Arctic White,6 GB,128 GB,26% off,"₹13,999","Upto ₹13,250 Off on Exchange",4.3
"realme X7 Max (Mercury Silver, 256 GB)",realme , X7 Max ,Mercury Silver,12 GB,256 GB,9% off,"₹29,999","Upto ₹15,300 Off on Exchange",4.4
"realme X7 Max (Mercury Silver, 128 GB)",realme , X7 Max ,Mercury Silver,8 GB,128 GB,10% off,"₹26,999","Upto ₹15,300 Off on Exchange",4.4
Jmax 5605,Jmax , 5605,,,,,₹769,,5.0
LAVA A5,LAVA , A5,,,,,"₹1,399",,4.1
KARBONN KX23,KARBONN , KX23,,,,22% off,"₹1,149",,3.9
Itel Power 110,Itel , Power 110,,,,,"₹1,125",,4.3
"LAVA Z66 (Marine Blue, 32 GB)",LAVA , Z66 ,Marine Blue,3 GB,32 GB,14% off,"₹7,227","Upto ₹6,650 Off on Exchange",4.0
GFive A1,GFive , A1,,,,,₹749,,3.7
Nokia 3310 DS 2020,Nokia , 3310 DS 2020,,,,,"₹3,679",,3.8
Itel Power 410,Itel , Power 410,,,,,"₹1,249",,4.2
Kechaoda K6,Kechaoda , K6,,,,,₹999,,3.9
"LAVA Z66 (Berry Red, 32 GB)",LAVA , Z66 ,Berry Red,3 GB,32 GB,14% off,"₹7,227","Upto ₹6,650 Off on Exchange",4.0
"SAMSUNG Galaxy M21 (Iceberg Blue, 64 GB)",SAMSUNG , Galaxy M21 ,Iceberg Blue,4 GB,64 GB,5% off,"₹14,199",,4.3
Nokia 3310 DS 2020,Nokia , 3310 DS 2020,,,,,"₹3,670",,3.8
Kechaoda K-55 Plus,Kechaoda , K,,,,1% off,"₹1,130",,4.0
KARBONN KX5,KARBONN , KX5,,,,23% off,₹949,,4.0
Kechaoda K115,Kechaoda , K115,,,,,₹999,,4.1
Kechaoda A 31,Kechaoda , A 31,,,,17% off,₹975,,3.9
"SAMSUNG Galaxy A51 (Prism Crush Black, 128 GB)",SAMSUNG , Galaxy A51 ,Prism Crush Black,8 GB,128 GB,25% off,"₹22,499","Upto ₹16,300 Off on Exchange",4.3
Kechaoda K115,Kechaoda , K115,,,,,₹999,,4.1
GFive U106,GFive , U106,,,,,₹679,,3.7
Itel it5607,Itel , it5607,,,,,"₹1,249",,4.2
"SAMSUNG Galaxy M31 (Ocean Blue, 64 GB)",SAMSUNG , Galaxy M31 ,Ocean Blue,6 GB,64 GB,15% off,"₹15,995",,4.3
Kechaoda A27,Kechaoda , A27,,,,,₹925,,4.1
"POCO X3 (Cobalt Blue, 128 GB)",POCO , X3 ,Cobalt Blue,8 GB,128 GB,17% off,"₹18,999","Upto ₹15,300 Off on Exchange",4.3
Micromax X816,Micromax , X816,,,,,"₹1,599",,4.2
KARBONN KX 10i,KARBONN , KX 10i,,,,,₹840,,4.0
Kechaoda A32,Kechaoda , A32,,,,19% off,₹949,,3.8
"Mi 10i (Midnight Black, 128 GB)",Mi , 10i ,Midnight Black,8 GB,128 GB,6% off,"₹25,226",,4.3
"LG W31 (midnight blue, 64 GB)",LG , W31 ,midnight blue,4 GB,64 GB,4% off,"₹8,335",,4.1
Kechaoda K10,Kechaoda , K10,,,,9% off,₹999,,4.0
"SAMSUNG Galaxy M11 (Violet, 32 GB)",SAMSUNG , Galaxy M11 ,Violet,3 GB,32 GB,3% off,"₹9,990",,4.2
GFive U229 Combo of Two,GFive , U229 Combo of Two,,,,,"₹1,199",,3.7
GREENBERRI G5000,GREENBERRI , G5000,,,,,"₹1,999",,
GREENBERRI G5000,GREENBERRI , G5000,,,,,"₹1,999",,
GREENBERRI G5000,GREENBERRI , G5000,,,,,"₹1,999",,
"realme 7i (Fusion Blue, 128 GB)",realme , 7i ,Fusion Blue,4 GB,128 GB,,"₹14,999","Upto ₹14,450 Off on Exchange",4.3
Salora Vishaal,Salora , Vishaal,,,,,₹959,,3.7
"SAMSUNG Galaxy A71 (Haze Crush Silver, 128 GB)",SAMSUNG , Galaxy A71 ,Haze Crush Silver,8 GB,128 GB,21% off,"₹27,499","Upto ₹16,300 Off on Exchange",4.4
"Tecno Camon 16 (Cloud White, 64 GB)",Tecno , Camon 16 ,Cloud White,4 GB,64 GB,17% off,"₹11,499","Upto ₹10,750 Off on Exchange",4.3
"Tecno Camon 16 (Purist Blue, 64 GB)",Tecno , Camon 16 ,Purist Blue,4 GB,64 GB,17% off,"₹11,499","Upto ₹10,750 Off on Exchange",4.3
"realme X7 Max (Milky Way, 128 GB)",realme , X7 Max ,Milky Way,8 GB,128 GB,10% off,"₹26,999",,4.4
"realme X7 Max (Milky Way, 256 GB)",realme , X7 Max ,Milky Way,12 GB,256 GB,9% off,"₹29,999",,4.4
"ViVO Y20i (Nebula Blue, 64 GB)",ViVO , Y20i ,Nebula Blue,3 GB,64 GB,25% off,"₹11,490","Upto ₹10,900 Off on Exchange",4.4
Itel Thermo Edition,Itel , Thermo Edition,,,,11% off,₹942,,3.9
Micromax X741,Micromax , X741,,,,,"₹1,236",,4.0
"REDMI Note 10 Pro (Dark Night, 128 GB)",REDMI , Note 10 Pro ,Dark Night,8 GB,128 GB,,"₹20,998",,4.4
"SAMSUNG Galaxy M31 (Space Black, 128 GB)",SAMSUNG , Galaxy M31 ,Space Black,8 GB,128 GB,,"₹18,990",,4.3
"SAMSUNG Galaxy M42 5G (Prism Dot Black, 128 GB)",SAMSUNG , Galaxy M42 5G ,Prism Dot Black,6 GB,128 GB,,"₹22,999",,4.4
Itel Thermo Edition,Itel , Thermo Edition,,,,1% off,₹939,,3.9
"APPLE iPhone SE (Red, 128 GB)",APPLE , iPhone SE ,Red,,128 GB,22% off,"₹34,999","Upto ₹15,300 Off on Exchange",4.5
I Kall K2180,I , Kall K2180,,,,13% off,₹669,,3.7
KARBONN KX80,KARBONN , KX80,,,,,"₹1,399",,3.6
Ismart IS-101 Ferrari,Ismart , IS,,,,,"₹1,390",,4.0
Nokia 125 DS 2020,Nokia , 125 DS 2020,,,,4% off,"₹2,290",,3.9
"Nokia 2.4 (Charcoal Grey, 64 GB)",Nokia , 2,Charcoal Grey,3 GB,64 GB,13% off,"₹9,999","Upto ₹9,450 Off on Exchange",4.1
Nuvo One-Echo (Without Accessories),Nuvo , One,,,,,₹699,,3.7
"Mi 10i (Midnight Black, 128 GB)",Mi , 10i ,Midnight Black,6 GB,128 GB,5% off,"₹22,591",,4.4
"SAMSUNG Galaxy M02 (Gray, 32 GB)",SAMSUNG , Galaxy M02 ,Gray,3 GB,32 GB,2% off,"₹8,270",,4.0
"LAVA Z6 (Aqua Blue, 64 GB)",LAVA , Z6 ,Aqua Blue,6 GB,64 GB,6% off,"₹10,299","Upto ₹9,750 Off on Exchange",3.9
Salora Volt 2,Salora , Volt 2,,,,,₹718,,3.9
Itel Power 100 New,Itel , Power 100 New,,,,2% off,"₹1,125",,4.1
Itel Power 100 New,Itel , Power 100 New,,,,9% off,"₹1,125",,4.1
Snexian ROCK R2,Snexian , ROCK R2,,,,,"₹1,299",,4.2
LAVA A1200,LAVA , A1200,,,,,"₹1,349",,4.2
"ViVO Z1Pro (Sonic Blue, 128 GB)",ViVO , Z1Pro ,Sonic Blue,6 GB,128 GB,14% off,"₹17,990","Upto ₹15,300 Off on Exchange",4.5
GFive WP89New,GFive , WP89New,,,,,₹839,,3.9
"realme X3 SuperZoom (Glacier Blue, 256 GB)",realme , X3 SuperZoom ,Glacier Blue,8 GB,256 GB,25% off,"₹23,999","Upto ₹15,300 Off on Exchange",4.3
"realme X3 SuperZoom (Arctic White, 256 GB)",realme , X3 SuperZoom ,Arctic White,12 GB,256 GB,22% off,"₹26,999","Upto ₹15,300 Off on Exchange",4.3
"REDMI Note 9 (Pebble Grey, 128 GB)",REDMI , Note 9 ,Pebble Grey,4 GB,128 GB,10% off,"₹13,499",,4.3
"OPPO A31 (Fantasy White, 128 GB)",OPPO , A31 ,Fantasy White,6 GB,128 GB,,"₹12,497",,4.3
"realme C3 (Frozen Blue, 32 GB)",realme , C3 ,Frozen Blue,3 GB,32 GB,,"₹8,999","Upto ₹8,350 Off on Exchange",4.4
I Kall K44 new mobile,I , Kall K44 new mobile,,,,6% off,₹669,,3.7
"Tecno POVA (Speed Purple, 64 GB)",Tecno , POVA ,Speed Purple,4 GB,64 GB,12% off,"₹10,499","Upto ₹9,900 Off on Exchange",4.3
Good One Magic,Good , One Magic,,,,,"₹1,499",,4.0
"Tecno POVA (Dazzle Black, 128 GB)",Tecno , POVA ,Dazzle Black,6 GB,128 GB,10% off,"₹12,499",,4.2
"REDMI Note 10 (Aqua Green, 128 GB)",REDMI , Note 10 ,Aqua Green,6 GB,128 GB,,"₹16,400",,4.3
Tork T3,Tork , T3,,,,,₹879,,3.7
Easyfone Marvel,Easyfone , Marvel,,,,,"₹2,790",,4.0
KARBONN kx51,KARBONN , kx51,,,,4% off,"₹1,149",,3.5
"REDMI 9i (Midnight Black, 128 GB)",REDMI , 9i ,Midnight Black,4 GB,128 GB,15% off,"₹9,299","Upto ₹8,750 Off on Exchange",4.3
"SAMSUNG Galaxy F12 (Celestial Black, 128 GB)",SAMSUNG , Galaxy F12 ,Celestial Black,4 GB,128 GB,21% off,"₹10,999","Upto ₹10,450 Off on Exchange",4.2
"APPLE iPhone 12 (Black, 128 GB)",APPLE , iPhone 12 ,Black,,128 GB,2% off,"₹82,900","Upto ₹15,300 Off on Exchange",4.6
"LAVA Z66 (Midnight Blue, 32 GB)",LAVA , Z66 ,Midnight Blue,3 GB,32 GB,,"₹6,990",,4.0
Kechaoda A27,Kechaoda , A27,,,,,₹960,,4.1
Kechaoda A27,Kechaoda , A27,,,,,₹960,,4.1
"SAMSUNG Galaxy M12 (White, 64 GB)",SAMSUNG , Galaxy M12 ,White,4 GB,64 GB,2% off,"₹10,990",,4.2
Itel IT5618N,Itel , IT5618N,,,,,"₹1,399",,4.1
"SAMSUNG Galaxy F02s (Diamond Black, 64 GB)",SAMSUNG , Galaxy F02s ,Diamond Black,4 GB,64 GB,13% off,"₹9,999","Upto ₹9,450 Off on Exchange",4.2
"realme 7 (Mist White, 128 GB)",realme , 7 ,Mist White,8 GB,128 GB,23% off,"₹15,999","Upto ₹15,300 Off on Exchange",4.3
"ViVO Y73 (Diamond Flare, 128 GB)",ViVO , Y73 ,Diamond Flare,8 GB,128 GB,16% off,"₹20,990","Upto ₹15,300 Off on Exchange",4.3
"ViVO Y73 (Roman Black, 128 GB)",ViVO , Y73 ,Roman Black,8 GB,128 GB,16% off,"₹20,990","Upto ₹15,300 Off on Exchange",4.3
"Mi 10i (Atlantic Blue, 128 GB)",Mi , 10i ,Atlantic Blue,6 GB,128 GB,2% off,"₹22,185",,4.4
"realme 7 (Mist Blue, 128 GB)",realme , 7 ,Mist Blue,8 GB,128 GB,23% off,"₹15,999","Upto ₹15,300 Off on Exchange",4.3
"Redmi 8A Dual (Sky White, 32 GB)",Redmi , 8A Dual ,Sky White,3 GB,32 GB,7% off,"₹8,299","Upto ₹7,750 Off on Exchange",4.2
"OPPO F19 Pro (Fluid Black, 256 GB)",OPPO , F19 Pro ,Fluid Black,8 GB,256 GB,9% off,"₹23,490","Upto ₹15,300 Off on Exchange",4.3
"SAMSUNG Galaxy M31s (Mirage Black, 128 GB)",SAMSUNG , Galaxy M31s ,Mirage Black,6 GB,128 GB,1% off,"₹20,300",,4.2
Itel Ace Young,Itel , Ace Young,,,,11% off,₹749,,4.0
BlackZone TURBO 352,BlackZone , TURBO 352,,,,7% off,₹849,,3.8
"Redmi 6A (Gold, 16 GB)",Redmi , 6A ,Gold,2 GB,16 GB,,"₹6,990",,4.3
"OPPO A15s (Dynamic Black, 128 GB)",OPPO , A15s ,Dynamic Black,4 GB,128 GB,,"₹12,990",,4.4
Kechaoda A7,Kechaoda , A7,,,,,"₹1,099",,3.9
"SAMSUNG Galaxy M01 (Blue, 32 GB)",SAMSUNG , Galaxy M01 ,Blue,3 GB,32 GB,,"₹8,386",,4.2
Itel Power 110,Itel , Power 110,,,,,"₹1,125",,4.3
I Kall K3310 Combo Of Two Mobile,I , Kall K3310 Combo Of Two Mobile,,,,,"₹1,299",,3.7
"LAVA Z2 Max (Stroked Blue, 32 GB)",LAVA , Z2 Max ,Stroked Blue,2 GB,32 GB,8% off,"₹7,799","Upto ₹7,200 Off on Exchange",4.2
"REDMI Note 10S (Shadow Black, 128 GB)",REDMI , Note 10S ,Shadow Black,6 GB,128 GB,,"₹16,999",,4.1
"realme 3i (Diamond Red, 64 GB)",realme , 3i ,Diamond Red,4 GB,64 GB,4% off,"₹10,499","Upto ₹9,900 Off on Exchange",4.4
"Apple iPhone XR (White, 64 GB) (Includes EarPods, Power...",Apple , iPhone XR ,White,,64 GB,16% off,"₹39,999","Upto ₹15,300 Off on Exchange",4.6
"SAMSUNG Galaxy M01 (Blue, 32 GB)",SAMSUNG , Galaxy M01 ,Blue,3 GB,32 GB,6% off,"₹8,449",,4.2
"REDMI Note 10 Pro (Glacial Blue, 128 GB)",REDMI , Note 10 Pro ,Glacial Blue,8 GB,128 GB,3% off,"₹20,435",,4.4
Kechaoda K116 Plus,Kechaoda , K116 Plus,,,,,"₹1,029",,4.0
"SAMSUNG Galaxy M02 (Red, 32 GB)",SAMSUNG , Galaxy M02 ,Red,3 GB,32 GB,2% off,"₹8,285",,4.0
GFive i1 Combo of Two Mobiles,GFive , i1 Combo of Two Mobiles,,,,,"₹1,299",,4.2
"realme X3 SuperZoom (Glacier Blue, 256 GB)",realme , X3 SuperZoom ,Glacier Blue,12 GB,256 GB,22% off,"₹26,999","Upto ₹15,300 Off on Exchange",4.3
LAVA A5,LAVA , A5,,,,,"₹1,399",,4.1
"Apple iPhone XR (Blue, 64 GB) (Includes EarPods, Power ...",Apple , iPhone XR ,Blue,,64 GB,16% off,"₹39,999","Upto ₹15,300 Off on Exchange",4.6
"REDMI Note 9 (Scarlet Red, 128 GB)",REDMI , Note 9 ,Scarlet Red,6 GB,128 GB,26% off,"₹13,999","Upto ₹13,250 Off on Exchange",4.3
Salora Volt 2,Salora , Volt 2,,,,,₹718,,3.9
"realme X3 SuperZoom (Arctic White, 256 GB)",realme , X3 SuperZoom ,Arctic White,8 GB,256 GB,25% off,"₹23,999","Upto ₹15,300 Off on Exchange",4.3
"REDMI Note 10 (Shadow Black, 128 GB)",REDMI , Note 10 ,Shadow Black,6 GB,128 GB,,"₹16,590",,4.3
KARBONN KX23,KARBONN , KX23,,,,22% off,"₹1,149",,3.9
"realme 5 Pro (Sparkling Blue, 128 GB)",realme , 5 Pro ,Sparkling Blue,8 GB,128 GB,5% off,"₹16,999","Upto ₹15,300 Off on Exchange",4.5
"ASUS ROG Phone 5 (Black, 128 GB)",ASUS , ROG Phone 5 ,Black,8 GB,128 GB,10% off,"₹49,999","Upto ₹15,300 Off on Exchange",4.4
"SAMSUNG M02s (Blue, 64 GB)",SAMSUNG , M02s ,Blue,4 GB,64 GB,1% off,"₹9,996",,4.2
Micromax X741,Micromax , X741,,,,,"₹1,940",,4.0
Kechaoda K10,Kechaoda , K10,,,,13% off,₹949,,4.0
Kechaoda K33,Kechaoda , K33,,,,4% off,"₹1,049",,4.0
"OPPO Reno5 Pro 5G (Starry Black, 128 GB)",OPPO , Reno5 Pro 5G ,Starry Black,8 GB,128 GB,7% off,"₹35,990","Upto ₹15,300 Off on Exchange",4.4
"OPPO Reno5 Pro 5G (Astral Blue, 128 GB)",OPPO , Reno5 Pro 5G ,Astral Blue,8 GB,128 GB,7% off,"₹35,990","Upto ₹15,300 Off on Exchange",4.4
"OPPO F17 (Dynamic Orange, 128 GB)",OPPO , F17 ,Dynamic Orange,6 GB,128 GB,19% off,"₹16,990","Upto ₹15,300 Off on Exchange",4.2
Itel it5026,Itel , it5026,,,,,"₹1,099",,3.8
KARBONN KX26i,KARBONN , KX26i,,,,,"₹1,049",,3.9
Kechaoda A7,Kechaoda , A7,,,,,"₹1,099",,3.9
Itel Magic2 Max,Itel , Magic2 Max,,,,4% off,"₹1,396",,4.2
"SAMSUNG M02s (Blue, 32 GB)",SAMSUNG , M02s ,Blue,3 GB,32 GB,6% off,"₹8,995",,4.1
"APPLE iPhone XR (Black, 64 GB)",APPLE , iPhone XR ,Black,,64 GB,16% off,"₹39,999","Upto ₹15,300 Off on Exchange",4.6
Snexian Rock,Snexian , Rock,,,,3% off,"₹1,199",,4.0
Itel Power 110,Itel , Power 110,,,,,"₹1,125",,4.3
Good One Magic,Good , One Magic,,,,,"₹1,499",,4.0
Forme Duos 1900,Forme , Duos 1900,,,,,"₹1,099",,3.8
GFive A2 Combo of Two,GFive , A2 Combo of Two,,,,,"₹1,259",,3.7
"OPPO A52 (Twilight Black, 128 GB)",OPPO , A52 ,Twilight Black,4 GB,128 GB,16% off,"₹14,990","Upto ₹14,450 Off on Exchange",4.4
"Redmi Note 9 Pro (Champagne Gold, 128 GB)",Redmi , Note 9 Pro ,Champagne Gold,6 GB,128 GB,1% off,"₹18,449",,4.3
I Kall K2180,I , Kall K2180,,,,13% off,₹669,,3.7
"REDMI Note 10S (Deep Sea Blue, 64 GB)",REDMI , Note 10S ,Deep Sea Blue,6 GB,64 GB,,"₹16,185",,4.1
"REDMI Note 10S (Shadow Black, 64 GB)",REDMI , Note 10S ,Shadow Black,6 GB,64 GB,6% off,"₹15,950",,4.1
GFive U106 Combo of Two,GFive , U106 Combo of Two,,,,,"₹1,258",,3.6
Itel Power 100 New,Itel , Power 100 New,,,,2% off,"₹1,125",,4.1
Itel Power 100 New,Itel , Power 100 New,,,,9% off,"₹1,125",,4.1
GFive U106 Combo of Two,GFive , U106 Combo of Two,,,,,"₹1,299",,3.6
Ismart IS-101 Ferrari,Ismart , IS,,,,,"₹1,390",,4.0
Kechaoda K66 Plus,Kechaoda , K66 Plus,,,,,"₹1,040",,4.1
"REDMI Note 10 Pro Max (Glacial Blue, 128 GB)",REDMI , Note 10 Pro Max ,Glacial Blue,8 GB,128 GB,,"₹24,875",,4.2
"GIONEE S11 Lite (Dark Blue, 32 GB)",GIONEE , S11 Lite ,Dark Blue,4 GB,32 GB,13% off,"₹6,799",,4.1
"APPLE iPhone 12 (Blue, 128 GB)",APPLE , iPhone 12 ,Blue,,128 GB,2% off,"₹82,900","Upto ₹15,300 Off on Exchange",4.6
KARBONN KX80,KARBONN , KX80,,,,,"₹1,399",,3.6
"SAMSUNG Galaxy M12 (Blue, 128 GB)",SAMSUNG , Galaxy M12 ,Blue,6 GB,128 GB,3% off,"₹14,990",,4.2
"MI 11X 5G (LUNAR WHITE, 128 GB)",MI , 11X 5G ,LUNAR WHITE,6 GB,128 GB,11% off,"₹29,985",,4.5
"LG W41 (MAGIC BLUE, 64 GB)",LG , W41 ,MAGIC BLUE,4 GB,64 GB,,"₹10,480",,4.0
"Micromax IN 1b (Purple, 64 GB)",Micromax , IN 1b ,Purple,4 GB,64 GB,,"₹8,945",,4.1
"SAMSUNG Galaxy F12 (Celestial Black, 128 GB)",SAMSUNG , Galaxy F12 ,Celestial Black,4 GB,128 GB,21% off,"₹10,999","Upto ₹10,450 Off on Exchange",4.2
Jio F320B,Jio , F320B,,,,,"₹1,999",,3.8
I Kall K43 Combo of 2 Mobiles,I , Kall K43 Combo of 2 Mobiles,,,,,"₹1,099",,3.4
"SAMSUNG Galaxy F02s (Diamond Black, 64 GB)",SAMSUNG , Galaxy F02s ,Diamond Black,4 GB,64 GB,13% off,"₹9,999","Upto ₹9,450 Off on Exchange",4.2
Kechaoda A27,Kechaoda , A27,,,,,₹925,,4.1
"POCO C3 (Matte Black, 64 GB)",POCO , C3 ,Matte Black,4 GB,64 GB,22% off,"₹8,499","Upto ₹7,950 Off on Exchange",4.3
"SAMSUNG M02s (Black, 64 GB)",SAMSUNG , M02s ,Black,4 GB,64 GB,,"₹10,390",,4.2
Kechaoda A30,Kechaoda , A30,,,,7% off,₹975,,4.6
Geotel K9 Flip,Geotel , K9 Flip,,,,,"₹1,349",,3.8
KARBONN KX26i,KARBONN , KX26i,,,,,"₹1,049",,3.9
Kechaoda K20,Kechaoda , K20,,,,22% off,"₹1,049",,4.1
Kechaoda K30,Kechaoda , K30,,,,11% off,"₹1,199",,3.9
"ViVO X60 Pro (Midnight Black, 256 GB)",ViVO , X60 Pro ,Midnight Black,12 GB,256 GB,9% off,"₹49,990","Upto ₹19,300 Off on Exchange",4.4
"SAMSUNG Galaxy M02 (Black, 32 GB)",SAMSUNG , Galaxy M02 ,Black,2 GB,32 GB,,"₹7,995",,4.1
"REDMI Note 10 Pro (Vintage Bronze, 128 GB)",REDMI , Note 10 Pro ,Vintage Bronze,6 GB,128 GB,,"₹19,990",,4.3
"Infinix Hot 9 Pro (Ocean Wave, 64 GB)",Infinix , Hot 9 Pro ,Ocean Wave,4 GB,64 GB,,"₹12,999","Upto ₹12,250 Off on Exchange",4.4
"APPLE iPhone 12 (Green, 128 GB)",APPLE , iPhone 12 ,Green,,128 GB,2% off,"₹82,900","Upto ₹15,300 Off on Exchange",4.6
LAVA A1200,LAVA , A1200,,,,,"₹1,199",,4.2
Micromax X389,Micromax , X389,,,,,"₹1,019",,4.3
Snexian BOLD 500,Snexian , BOLD 500,,,,,₹999,,4.1
Lava Pulse1- with contactless Talking Thermometer,Lava , Pulse1,,,,34% off,"₹1,449",,4.1
"Infinix Smart 4 (Ocean Wave, 32 GB)",Infinix , Smart 4 ,Ocean Wave,2 GB,32 GB,22% off,"₹6,999","Upto ₹6,450 Off on Exchange",4.4
MU M370,MU , M370,,,,,₹985,,4.3
"REDMI 9 Prime (Space Blue, 64 GB)",REDMI , 9 Prime ,Space Blue,4 GB,64 GB,16% off,"₹9,999","Upto ₹9,450 Off on Exchange",4.4
Easyfone Marvel,Easyfone , Marvel,,,,,"₹2,790",,4.0
"SAMSUNG GALAXY M51 (ELECTRIC BLUE, 128 GB)",SAMSUNG , GALAXY M51 ,ELECTRIC BLUE,6 GB,128 GB,,"₹23,998",,4.3
"LAVA Z2 Max (Stroked Blue, 32 GB)",LAVA , Z2 Max ,Stroked Blue,2 GB,32 GB,8% off,"₹7,799","Upto ₹7,200 Off on Exchange",4.2
"Spinup A7 Pro (Fusion Blue, 16 GB)",Spinup , A7 Pro ,Fusion Blue,2 GB,16 GB,,"₹5,490",,3.5
Kechaoda K33,Kechaoda , K33,,,,,"₹1,025",,4.0
"OPPO A1K (Red, 32 GB)",OPPO , A1K ,Red,2 GB,32 GB,27% off,"₹7,990","Upto ₹7,450 Off on Exchange",4.3
KARBONN kx51,KARBONN , kx51,,,,4% off,"₹1,149",,3.8
Kechaoda K9,Kechaoda , K9,,,,,"₹1,299",,4.0
"SAMSUNG Galaxy A12 (Black, 128 GB)",SAMSUNG , Galaxy A12 ,Black,4 GB,128 GB,6% off,"₹13,999","Upto ₹13,300 Off on Exchange",4.2
"ViVO X60 Pro (Shimmer Blue, 256 GB)",ViVO , X60 Pro ,Shimmer Blue,12 GB,256 GB,9% off,"₹49,990","Upto ₹19,300 Off on Exchange",4.4
"ViVO X60 (Midnight Black, 128 GB)",ViVO , X60 ,Midnight Black,8 GB,128 GB,11% off,"₹37,990","Upto ₹18,300 Off on Exchange",4.4
Jmax J32,Jmax , J32,,,,,₹699,,3.7
I Kall K3310 Combo Of Two Mobile,I , Kall K3310 Combo Of Two Mobile,,,,,"₹1,199",,3.7
"Itel vision 1 pro (AURORA BLUE, 32 GB)",Itel , vision 1 pro ,AURORA BLUE,2 GB,32 GB,,"₹6,899",,4.0
"SAMSUNG Galaxy A21s (Blue, 64 GB)",SAMSUNG , Galaxy A21s ,Blue,6 GB,64 GB,,"₹19,999","Upto ₹15,300 Off on Exchange",4.2
"APPLE iPhone 12 Pro (Pacific Blue, 256 GB)",APPLE , iPhone 12 Pro ,Pacific Blue,,256 GB,3% off,"₹1,25,900","Upto ₹15,300 Off on Exchange",4.6
I Kall K3312 Combo,I , Kall K3312 Combo,,,,,"₹1,399",,3.6
Snexian guru 5500,Snexian , guru 5500,,,,,₹925,,3.8
Nokia 125 DS,Nokia , 125 DS,,,,,"₹2,249",,3.8
Itel it5607,Itel , it5607,,,,,"₹1,249",,4.2
Tork T3,Tork , T3,,,,,₹879,,3.7
Kechaoda K20,Kechaoda , K20,,,,22% off,"₹1,049",,4.1
"Redmi Note 8 (Neptune Blue, 64 GB)",Redmi , Note 8 ,Neptune Blue,4 GB,64 GB,,"₹13,999",,4.4
"SAMSUNG Galaxy A51 (Prism Crush Blue, 128 GB)",SAMSUNG , Galaxy A51 ,Prism Crush Blue,6 GB,128 GB,19% off,"₹20,999","Upto ₹16,300 Off on Exchange",4.3
"SAMSUNG Galaxy A51 (Haze Crush Silver, 128 GB)",SAMSUNG , Galaxy A51 ,Haze Crush Silver,8 GB,128 GB,25% off,"₹22,499","Upto ₹16,300 Off on Exchange",4.3
"SAMSUNG Galaxy M11 (Violet, 32 GB)",SAMSUNG , Galaxy M11 ,Violet,3 GB,32 GB,3% off,"₹9,990",,4.2
Good One 5605N,Good , One 5605N,,,,,₹849,,3.7
BlackZone S2,BlackZone , S2,,,,6% off,"₹1,060",,4.0
Micromax X744,Micromax , X744,,,,,"₹1,649",,3.9
"realme 6 Pro (Lightning Orange, 64 GB)",realme , 6 Pro ,Lightning Orange,6 GB,64 GB,,"₹17,999","Upto ₹15,300 Off on Exchange",4.4
Itel Power 110,Itel , Power 110,,,,,"₹1,125",,4.3
Micromax X389,Micromax , X389,,,,,"₹1,010",,4.3
Kechaoda K28,Kechaoda , K28,,,,,"₹1,399",,4.1
Kechaoda K10,Kechaoda , K10,,,,,₹975,,4.0
"REDMI Note 10 Pro (Vintage Bronze, 128 GB)",REDMI , Note 10 Pro ,Vintage Bronze,6 GB,128 GB,,"₹19,225",,4.3
Itel Heart Rate Edition,Itel , Heart Rate Edition,,,,,₹970,,3.9
"SAMSUNG M01 core (Blue, 32 GB)",SAMSUNG , M01 core ,Blue,2 GB,32 GB,14% off,"₹6,449",,3.9
GFive WP89New,GFive , WP89New,,,,,₹839,,3.9
"OPPO A15 (Dynamic Black, 32 GB)",OPPO , A15 ,Dynamic Black,2 GB,32 GB,,"₹10,990",,4.1
GreenBerry M2 Mini,GreenBerry , M2 Mini,,,,,"₹1,299",,3.9
"REDMI 9 (CarbonBlack, 128 GB)",REDMI , 9 ,CarbonBlack,4 GB,128 GB,,"₹11,199",,4.2
GreenBerry M2 Mini,GreenBerry , M2 Mini,,,,,"₹1,299",,3.9
"realme 6 (Comet White, 64 GB)",realme , 6 ,Comet White,6 GB,64 GB,16% off,"₹14,999","Upto ₹14,450 Off on Exchange",4.4
"REDMI Note 10 Pro (Dark Night, 128 GB)",REDMI , Note 10 Pro ,Dark Night,6 GB,128 GB,,"₹19,379",,4.3
"MI 11X 5G (LUNAR WHITE, 128 GB)",MI , 11X 5G ,LUNAR WHITE,6 GB,128 GB,11% off,"₹29,985",,4.5
Jmax J5615,Jmax , J5615,,,,,₹769,,4.7
Jio F320B,Jio , F320B,,,,,"₹1,999",,3.8
Itel Thermo Edition,Itel , Thermo Edition,,,,,"₹1,099",,3.9
GFive i1 Combo of Two Mobiles,GFive , i1 Combo of Two Mobiles,,,,,"₹1,299",,4.2
Kechaoda K10,Kechaoda , K10,,,,,₹975,,4.0
"REDMI Note 10 Pro (Vintage Bronze, 64 GB)",REDMI , Note 10 Pro ,Vintage Bronze,6 GB,64 GB,,"₹17,890",,4.3
BlackZone NEO,BlackZone , NEO,,,,12% off,₹725,,3.4
"SAMSUNG Galaxy M02 (Red, 32 GB)",SAMSUNG , Galaxy M02 ,Red,2 GB,32 GB,,"₹7,990",,4.1
GFive i2,GFive , i2,,,,,₹749,,3.8
Kechaoda A30,Kechaoda , A30,,,,7% off,₹975,,4.6
"REDMI Note 10 Pro (Vintage Bronze, 128 GB)",REDMI , Note 10 Pro ,Vintage Bronze,6 GB,128 GB,,"₹19,990",,4.3
GreenBerry M2 Mini,GreenBerry , M2 Mini,,,,,"₹1,299",,3.9
GreenBerry M2 Mini,GreenBerry , M2 Mini,,,,,"₹1,299",,3.9
BlackZone S3,BlackZone , S3,,,,6% off,"₹1,060",,3.7
"SAMSUNG Galaxy A12 (White, 128 GB)",SAMSUNG , Galaxy A12 ,White,4 GB,128 GB,6% off,"₹13,999","Upto ₹13,300 Off on Exchange",4.2
Nokia 125 DS,Nokia , 125 DS,,,,,"₹2,249",,3.8
Salora Zing+,Salora , Zing,,,,,₹879,,3.5
I Kall K43,I , Kall K43,,,,13% off,₹649,,3.6
Kechaoda K66 Plus,Kechaoda , K66 Plus,,,,,"₹1,040",,4.1
"Spinup A7 Pro (Fusion Blue, 16 GB)",Spinup , A7 Pro ,Fusion Blue,2 GB,16 GB,,"₹5,490",,3.5
"OPPO A15 (Dynamic Black, 32 GB)",OPPO , A15 ,Dynamic Black,2 GB,32 GB,,"₹10,990",,4.1
GFive U331 & U106 Combo of Two,GFive , U331 ,,,,,"₹1,299",,3.6
Jmax J32,Jmax , J32,,,,,₹699,,3.7
"SAMSUNG Galaxy M02 (Black, 32 GB)",SAMSUNG , Galaxy M02 ,Black,2 GB,32 GB,,"₹7,995",,4.1
"SAMSUNG Galaxy A51 (Prism Crush Blue, 128 GB)",SAMSUNG , Galaxy A51 ,Prism Crush Blue,6 GB,128 GB,19% off,"₹20,999","Upto ₹16,300 Off on Exchange",4.3
KARBONN KX80,KARBONN , KX80,,,,,"₹1,399",,3.6
"SAMSUNG GALAXY M51 (ELECTRIC BLUE, 128 GB)",SAMSUNG , GALAXY M51 ,ELECTRIC BLUE,6 GB,128 GB,17% off,"₹23,990",,4.3
"APPLE iPhone 12 Pro (Pacific Blue, 256 GB)",APPLE , iPhone 12 Pro ,Pacific Blue,,256 GB,3% off,"₹1,25,900","Upto ₹15,300 Off on Exchange",4.6
Kechaoda K200,Kechaoda , K200,,,,,"₹1,040",,3.6
MU M370,MU , M370,,,,,₹989,,4.3
"REDMI Note 9 Pro Max (Glacier White, 64 GB)",REDMI , Note 9 Pro Max ,Glacier White,6 GB,64 GB,,"₹18,900",,4.4
I Kall K3312,I , Kall K3312,,,,,"₹1,499",,3.5
BlackZone TURBO-351,BlackZone , TURBO,,,,7% off,₹849,,3.9
Itel Muzik 110,Itel , Muzik 110,,,,5% off,"₹1,089",,4.7
Itel Muzik 110,Itel , Muzik 110,,,,,"₹1,199",,4.7
BlackZone TURBO-351,BlackZone , TURBO,,,,7% off,₹849,,3.9
Kechaoda K33,Kechaoda , K33,,,,,"₹1,025",,4.0
"Redmi Note 8 (Neptune Blue, 64 GB)",Redmi , Note 8 ,Neptune Blue,4 GB,64 GB,,"₹13,999",,4.4
Salora Zing+,Salora , Zing,,,,,₹879,,3.5
Kechaoda K9,Kechaoda , K9,,,,,"₹1,299",,4.0
KARBONN k24+,KARBONN , k24,,,,,"₹1,099",,3.9
"Tecno Spark Power 2 Air (Cosmic Shine, 32 GB)",Tecno , Spark Power 2 Air ,Cosmic Shine,3 GB,32 GB,15% off,"₹8,499","Upto ₹7,950 Off on Exchange",4.3
KXD P2,KXD , P2,,,,42% off,₹925,,3.4
Micromax X744,Micromax , X744,,,,,"₹1,649",,3.9
KARBONN K2 Boom Box,KARBONN , K2 Boom Box,,,,,₹990,,3.9
"SAMSUNG Galaxy A51 (Prism Crush Black, 128 GB)",SAMSUNG , Galaxy A51 ,Prism Crush Black,6 GB,128 GB,19% off,"₹20,999","Upto ₹16,300 Off on Exchange",4.3
Snexian ROCK R6,Snexian , ROCK R6,,,,,₹825,,5.0
Snexian ROCK R6,Snexian , ROCK R6,,,,,₹849,,5.0
Snexian BOLD 500,Snexian , BOLD 500,,,,,₹999,,4.1
Easyfone Royale,Easyfone , Royale,,,,,"₹3,999","Upto ₹3,450 Off on Exchange",4.1
"ViVO X60 (Midnight Black, 128 GB)",ViVO , X60 ,Midnight Black,8 GB,128 GB,11% off,"₹37,990","Upto ₹18,300 Off on Exchange",4.4
"SAMSUNG Galaxy A51 (Haze Crush Silver, 128 GB)",SAMSUNG , Galaxy A51 ,Haze Crush Silver,8 GB,128 GB,25% off,"₹22,499","Upto ₹16,300 Off on Exchange",4.3
"OPPO F17 (Navy Blue, 128 GB)",OPPO , F17 ,Navy Blue,6 GB,128 GB,19% off,"₹16,990","Upto ₹15,300 Off on Exchange",4.2
"SAMSUNG Galaxy A21s (Silver, 128 GB)",SAMSUNG , Galaxy A21s ,Silver,6 GB,128 GB,7% off,"₹17,499","Upto ₹15,300 Off on Exchange",4.2
"REDMI Note 10 Pro (Vintage Bronze, 128 GB)",REDMI , Note 10 Pro ,Vintage Bronze,6 GB,128 GB,,"₹19,225",,4.3
Kechaoda K20,Kechaoda , K20,,,,22% off,"₹1,049",,4.1
"Infinix Note 10 (95° Black, 64 GB)",Infinix , Note 10 , Black,4 GB,64 GB,21% off,"₹10,999","Upto ₹10,450 Off on Exchange",
"Infinix Note 10 (7° Purple, 64 GB)",Infinix , Note 10 , Purple,4 GB,64 GB,21% off,"₹10,999","Upto ₹10,450 Off on Exchange",
"Itel Vision1 (Gradation Blue, 32 GB)",Itel , Vision1 ,Gradation Blue,2 GB,32 GB,,"₹6,699",,4.2
Kechaoda A32,Kechaoda , A32,,,,19% off,₹949,,3.8
"Infinix Note 10 (Emerald Green, 64 GB)",Infinix , Note 10 ,Emerald Green,4 GB,64 GB,21% off,"₹10,999","Upto ₹10,450 Off on Exchange",
Intex Turbo 108+,Intex , Turbo 108,,,,,"₹1,290",,3.8
"REDMI Note 10 Pro (Dark Night, 128 GB)",REDMI , Note 10 Pro ,Dark Night,6 GB,128 GB,,"₹19,379",,4.3
"OPPO F17 (Classic Silver, 128 GB)",OPPO , F17 ,Classic Silver,6 GB,128 GB,19% off,"₹16,990","Upto ₹15,300 Off on Exchange",4.2
ENERGIZER Hardcase E100,ENERGIZER , Hardcase E100,,,,,"₹1,399",,3.9
"realme 6 Pro (Lightning Orange, 64 GB)",realme , 6 Pro ,Lightning Orange,6 GB,64 GB,,"₹17,999","Upto ₹15,300 Off on Exchange",4.4
Itel IT2192,Itel , IT2192,,,,,"₹1,099",,4.3
Jivi X606 Plus,Jivi , X606 Plus,,,,,₹899,,3.9
Forme D9,Forme , D9,,,,,₹835,,
KARBONN KX4,KARBONN , KX4,,,,,₹899,,3.5
I Kall K44 Combo of Two Mobiles,I , Kall K44 Combo of Two Mobiles,,,,,"₹1,299",,3.5
"Redmi Note 9 Pro (Interstellar Black, 64 GB)",Redmi , Note 9 Pro ,Interstellar Black,4 GB,64 GB,,"₹15,495",,4.4
"Redmi Note 9 Pro (Glacier White, 128 GB)",Redmi , Note 9 Pro ,Glacier White,4 GB,128 GB,,"₹16,999",,4.4
KARBONN KX19,KARBONN , KX19,,,,,₹925,,3.9
"REDMI Note 9 Pro Max (Champagne Gold, 64 GB)",REDMI , Note 9 Pro Max ,Champagne Gold,6 GB,64 GB,,"₹17,999",,4.4
BlackZone M15,BlackZone , M15,,,,8% off,₹865,,4.0
Micromax X752,Micromax , X752,,,,,"₹1,299",,3.9
Kechaoda K103,Kechaoda , K103,,,,,"₹1,299",,3.9
BlackZone S3,BlackZone , S3,,,,6% off,"₹1,060",,3.7
"Voto V2i (Gold, 16 GB)",Voto , V2i ,Gold,2 GB,16 GB,,"₹4,149",,3.4
"SAMSUNG M01 core (Red, 16 GB)",SAMSUNG , M01 core ,Red,1 GB,16 GB,,"₹5,290",,4.0
"Coolpad Mega 5M (Black, 16 GB)",Coolpad , Mega 5M ,Black,1 GB,16 GB,,"₹4,550",,3.5
"Nokia 3.4 (Fjord, 64 GB)",Nokia , 3,Fjord,4 GB,64 GB,21% off,"₹10,999","Upto ₹10,450 Off on Exchange",4.0
MU M370,MU , M370,,,,,₹985,,4.3
"APPLE iPhone 12 (White, 64 GB)",APPLE , iPhone 12 ,White,,64 GB,2% off,"₹77,900","Upto ₹15,300 Off on Exchange",4.6
"REDMI Note 9 (Shadow Black, 128 GB)",REDMI , Note 9 ,Shadow Black,4 GB,128 GB,,"₹13,379",,4.3
Easyfone Elite,Easyfone , Elite,,,,,"₹3,150",,4.1
I Kall K33 New Combo of Two,I , Kall K33 New Combo of Two,,,,3% off,"₹1,499",,3.7
"Infinix Note 7 (Forest Green, 64 GB)",Infinix , Note 7 ,Forest Green,4 GB,64 GB,26% off,"₹10,999","Upto ₹10,450 Off on Exchange",4.3
"SAMSUNG Galaxy S21 Plus (Phantom Violet, 256 GB)",SAMSUNG , Galaxy S21 Plus ,Phantom Violet,8 GB,256 GB,27% off,"₹75,999","Upto ₹15,300 Off on Exchange",4.3
"Redmi 8A (Midnight Black, 32 GB)",Redmi , 8A ,Midnight Black,3 GB,32 GB,,"₹8,499",,4.3
Kechaoda K20,Kechaoda , K20,,,,22% off,"₹1,049",,4.1
Snexian FIRE,Snexian , FIRE,,,,,"₹1,188",,4.2
Kechaoda A30,Kechaoda , A30,,,,7% off,₹975,,4.6
Quick Shel MTM16,Quick , Shel MTM16,,,,,"₹1,000",,3.4
Kechaoda K66 Plus,Kechaoda , K66 Plus,,,,,"₹1,049",,4.1
"Redmi K20 (Carbon Black, 64 GB)",Redmi , K20 ,Carbon Black,6 GB,64 GB,,"₹22,999","Upto ₹15,300 Off on Exchange",4.5
I Kall K3312,I , Kall K3312,,,,,₹799,,3.5
Geotel K9 Flip,Geotel , K9 Flip,,,,,"₹1,349",,3.8
"SAMSUNG Galaxy F62 (Laser Grey, 128 GB)",SAMSUNG , Galaxy F62 ,Laser Grey,6 GB,128 GB,20% off,"₹23,999","Upto ₹15,300 Off on Exchange",4.2
Nuvo FLASH,Nuvo , FLASH,,,,,₹799,,3.6
I Kall K-60,I , Kall K,,,,6% off,"₹1,879",,3.8
Jivi N9030,Jivi , N9030,,,,,"₹1,340",,3.9
"SAMSUNG Galaxy A32 (Awesome Blue, 128 GB)",SAMSUNG , Galaxy A32 ,Awesome Blue,6 GB,128 GB,18% off,"₹20,499","Upto ₹15,300 Off on Exchange",4.2
GFive U220 Plus Combo of Two Mobiles,GFive , U220 Plus Combo of Two Mobiles,,,,,"₹1,129",,3.9
KARBONN Kphone X,KARBONN , Kphone X,,,,,"₹1,275",,3.8
"APPLE iPhone 12 Mini (Blue, 128 GB)",APPLE , iPhone 12 Mini ,Blue,,128 GB,2% off,"₹72,900","Upto ₹15,300 Off on Exchange",4.5
Kechaoda A27,Kechaoda , A27,,,,,₹960,,4.1
Itel Magic 1,Itel , Magic 1,,,,,"₹1,550",,4.2
Forme N9,Forme , N9,,,,,₹725,,3.5
BlackZone M5,BlackZone , M5,,,,8% off,₹865,,4.0
"SAMSUNG Galaxy F41 (Fusion Green, 64 GB)",SAMSUNG , Galaxy F41 ,Fusion Green,6 GB,64 GB,20% off,"₹15,999","Upto ₹15,300 Off on Exchange",4.3
Ssky S-900 Power,Ssky , S,,,,,"₹1,090",,3.7
"SAMSUNG Galaxy M11 (Metallic Blue, 32 GB)",SAMSUNG , Galaxy M11 ,Metallic Blue,3 GB,32 GB,2% off,"₹10,085",,4.2
"Redmi Note 8 (Space Black, 64 GB)",Redmi , Note 8 ,Space Black,4 GB,64 GB,,"₹13,999",,4.4
Kechaoda K66 Plus,Kechaoda , K66 Plus,,,,,"₹1,099",,4.1
Intex Eco 105vx,Intex , Eco 105vx,,,,,"₹1,019",,4.0
"Infinix Smart 4 (Ocean Wave, 32 GB)",Infinix , Smart 4 ,Ocean Wave,2 GB,32 GB,22% off,"₹6,999","Upto ₹6,450 Off on Exchange",4.4
Itel IT5608,Itel , IT5608,,,,,"₹1,199",,4.0
"APPLE iPhone 12 Mini (Blue, 128 GB)",APPLE , iPhone 12 Mini ,Blue,,128 GB,2% off,"₹72,900","Upto ₹15,300 Off on Exchange",4.5
Intex Eco 105vx,Intex , Eco 105vx,,,,,"₹1,019",,4.0
"Infinix Smart 4 (Ocean Wave, 32 GB)",Infinix , Smart 4 ,Ocean Wave,2 GB,32 GB,22% off,"₹6,999","Upto ₹6,450 Off on Exchange",4.4
Itel IT5608,Itel , IT5608,,,,,"₹1,199",,4.0
Kechaoda K33,Kechaoda , K33,,,,,"₹1,010",,4.0
Kechaoda K33,Kechaoda , K33,,,,,"₹1,024",,4.0
Kechaoda A29,Kechaoda , A29,,,,7% off,₹975,,4.1
Forme D10,Forme , D10,,,,,₹848,,3.7
BlackZone S16,BlackZone , S16,,,,6% off,"₹1,029",,4.0
Ismart IS-101 Ferrari,Ismart , IS,,,,,"₹1,390",,4.0
Ismart IS-101 Ferrari,Ismart , IS,,,,,"₹1,390",,4.0
Nuvo NF18-BW,Nuvo , NF18,,,,,₹699,,3.8
KARBONN Kphone X,KARBONN , Kphone X,,,,,"₹1,299",,3.8
"ViVO X60 (Shimmer Blue, 128 GB)",ViVO , X60 ,Shimmer Blue,8 GB,128 GB,11% off,"₹37,990","Upto ₹18,300 Off on Exchange",4.4
Infocus POWER 2,Infocus , POWER 2,,,,2% off,"₹1,260",,3.8
LAVA PRIME Z,LAVA , PRIME Z,,,,2% off,"₹1,499",,4.2
"SAMSUNG Galaxy A32 (Awesome Black, 128 GB)",SAMSUNG , Galaxy A32 ,Awesome Black,6 GB,128 GB,,"₹24,999",,4.2
"OPPO F17 (Navy Blue, 128 GB)",OPPO , F17 ,Navy Blue,8 GB,128 GB,,"₹18,990",,4.3
Geotel K9 Flip,Geotel , K9 Flip,,,,,"₹1,349",,3.8
I Kall K34 Combo of Two Mobiles,I , Kall K34 Combo of Two Mobiles,,,,,"₹1,299",,3.6
INOVU A9,INOVU , A9,,,,,₹895,,3.6
KARBONN K5 Plus,KARBONN , K5 Plus,,,,,₹940,,4.0
"SAMSUNG Galaxy A12 (White, 64 GB)",SAMSUNG , Galaxy A12 ,White,4 GB,64 GB,7% off,"₹12,999","Upto ₹12,250 Off on Exchange",4.2
"SAMSUNG Galaxy M51 (Electric Blue, 128 GB)",SAMSUNG , Galaxy M51 ,Electric Blue,8 GB,128 GB,,"₹25,260",,4.4
"Mi 10i (Atlantic Blue, 128 GB)",Mi , 10i ,Atlantic Blue,8 GB,128 GB,,"₹25,265",,4.3
"Mi 10i (Pacific Sunrise, 128 GB)",Mi , 10i ,Pacific Sunrise,8 GB,128 GB,5% off,"₹25,498",,4.3
"I Kall K900 (Blue, 64 GB)",I , Kall K900 ,Blue,4 GB,64 GB,,"₹5,699",,3.0
"SAMSUNG M31 Prime (Space Black, 128 GB)",SAMSUNG , M31 Prime ,Space Black,6 GB,128 GB,,"₹16,999",,4.4
"Redmi Note 9 Pro (Glacier White, 64 GB)",Redmi , Note 9 Pro ,Glacier White,4 GB,64 GB,,"₹15,495",,4.4
"SAMSUNG Galaxy F41 (Fusion Blue, 64 GB)",SAMSUNG , Galaxy F41 ,Fusion Blue,6 GB,64 GB,20% off,"₹15,999","Upto ₹15,300 Off on Exchange",4.3
"APPLE iPhone 12 Mini (Black, 128 GB)",APPLE , iPhone 12 Mini ,Black,,128 GB,2% off,"₹72,900","Upto ₹15,300 Off on Exchange",4.5
Itel Muzik 400 Core,Itel , Muzik 400 Core,,,,11% off,"₹1,280",,4.2
Itel Muzik 400 Core,Itel , Muzik 400 Core,,,,,"₹1,285",,4.2
Itel Muzik 400 Core,Itel , Muzik 400 Core,,,,,"₹1,285",,4.2
Quick Shel MTM16,Quick , Shel MTM16,,,,,"₹1,000",,3.4
"POCO F1 (Armoured Edition, 256 GB)",POCO , F1 ,Armoured Edition,8 GB,256 GB,,"₹30,999","Upto ₹15,300 Off on Exchange",4.5
"SAMSUNG Galaxy A21s (Blue, 128 GB)",SAMSUNG , Galaxy A21s ,Blue,6 GB,128 GB,7% off,"₹17,499","Upto ₹15,300 Off on Exchange",4.2
"POCO F1 (Rosso Red, 256 GB)",POCO , F1 ,Rosso Red,8 GB,256 GB,,"₹19,999",,4.5
"Panasonic Eluga Z1 Pro (Gold, 64 GB)",Panasonic , Eluga Z1 Pro ,Gold,4 GB,64 GB,,"₹9,150",,4.3
"APPLE iPhone 12 Mini (Blue, 64 GB)",APPLE , iPhone 12 Mini ,Blue,,64 GB,2% off,"₹67,900","Upto ₹15,300 Off on Exchange",4.5
anee Y1 Lite,anee , Y1 Lite,,,,6% off,₹657,,4.6
Micromax X389,Micromax , X389,,,,,"₹1,019",,4.3
"MI 11X 5G (CELESTIAL SILVER, 128 GB)",MI , 11X 5G ,CELESTIAL SILVER,6 GB,128 GB,,"₹29,950",,4.5
"realme X2 (Pearl White, 64 GB)",realme , X2 ,Pearl White,4 GB,64 GB,,"₹17,999","Upto ₹15,300 Off on Exchange",4.5
LAVA A1200,LAVA , A1200,,,,,"₹1,349",,4.2
Forme N9,Forme , N9,,,,,₹725,,3.5
"Micromax IN 1 (Blue, 64 GB)",Micromax , IN 1 ,Blue,4 GB,64 GB,33% off,"₹9,999","Upto ₹9,450 Off on Exchange",4.3
Snexian BOLD 511,Snexian , BOLD 511,,,,,"₹1,249",,3.7
"ViVO Y81i (Gold, 16 GB)",ViVO , Y81i ,Gold,2 GB,16 GB,,"₹10,990","Upto ₹10,450 Off on Exchange",4.4
"OPPO A5s (Blue, 32 GB)",OPPO , A5s ,Blue,2 GB,32 GB,30% off,"₹8,990","Upto ₹8,350 Off on Exchange",4.3
Snexian ROCK R2,Snexian , ROCK R2,,,,,"₹1,299",,4.2
Micromax X743,Micromax , X743,,,,,"₹1,195",,3.3
KARBONN K2 Boom Box,KARBONN , K2 Boom Box,,,,,₹990,,3.9
Easyfone Royale,Easyfone , Royale,,,,,"₹3,750",,4.1
Kechaoda A25,Kechaoda , A25,,,,,₹948,,4.0
Kechaoda A25,Kechaoda , A25,,,,,₹999,,4.0
Kechaoda A25,Kechaoda , A25,,,,,₹919,,4.0
Ismart IS-101 Ferrari,Ismart , IS,,,,,"₹1,390",,4.0
"APPLE iPhone 12 (Red, 64 GB)",APPLE , iPhone 12 ,Red,,64 GB,2% off,"₹77,900","Upto ₹15,300 Off on Exchange",4.6
Ismart IS-101 Ferrari,Ismart , IS,,,,,"₹1,390",,4.0
"realme X50 Pro 5G (Rust Red, 256 GB)",realme , X50 Pro 5G ,Rust Red,12 GB,256 GB,35% off,"₹30,999","Upto ₹15,300 Off on Exchange",4.2
"SAMSUNG Galaxy A12 (White, 128 GB)",SAMSUNG , Galaxy A12 ,White,4 GB,128 GB,6% off,"₹13,999","Upto ₹13,300 Off on Exchange",4.2
"Nokia 5.3 (CHARCOAL, 64 GB)",Nokia , 5,CHARCOAL,6 GB,64 GB,,"₹12,999",,3.7
GFive U106 & A1 Combo of Two Mobiles,GFive , U106 ,,,,,"₹1,169",,3.3
"SAMSUNG Galaxy A21s (Silver, 128 GB)",SAMSUNG , Galaxy A21s ,Silver,6 GB,128 GB,7% off,"₹17,499","Upto ₹15,300 Off on Exchange",4.2
I Kall K3312,I , Kall K3312,,,,,₹799,,3.5
"OPPO A7 (Glaring Gold, 64 GB)",OPPO , A7 ,Glaring Gold,3 GB,64 GB,25% off,"₹11,999",,4.3
Itel Muzik 110,Itel , Muzik 110,,,,5% off,"₹1,089",,4.7
Itel Muzik 110,Itel , Muzik 110,,,,,"₹1,199",,4.7
"SAMSUNG Galaxy A70s (Prism Crush Red, 128 GB)",SAMSUNG , Galaxy A70s ,Prism Crush Red,8 GB,128 GB,,"₹33,100","Upto ₹15,300 Off on Exchange",4.4
"OPPO A52 (Stream White, 128 GB)",OPPO , A52 ,Stream White,4 GB,128 GB,,"₹15,990",,4.4
"MI 11X 5G (COSMIC BLACK, 128 GB)",MI , 11X 5G ,COSMIC BLACK,6 GB,128 GB,,"₹29,888",,4.5
Kechaoda A18,Kechaoda , A18,,,,,₹990,,4.0
KARBONN K106S,KARBONN , K106S,,,,,₹845,,3.5
"Redmi K20 (Glacier Blue, 128 GB)",Redmi , K20 ,Glacier Blue,6 GB,128 GB,,"₹24,999","Upto ₹15,300 Off on Exchange",4.5
Intex Turbo 108+,Intex , Turbo 108,,,,,"₹1,290",,3.8
Itel ACE,Itel , ACE,,,,,₹848,,4.0
Nokia 3310 DS 2020,Nokia , 3310 DS 2020,,,,7% off,"₹3,899",,3.8
Jivi X606,Jivi , X606,,,,,₹899,,3.4
KARBONN Kphone X,KARBONN , Kphone X,,,,,"₹1,299",,3.8
BlackZone S9,BlackZone , S9,,,,7% off,"₹1,049",,3.4
GFive U331 & U106 Combo of Two,GFive , U331 ,,,,,"₹1,299",,3.6
"MOTOROLA G9 (Sapphire Blue, 64 GB)",MOTOROLA , G9 ,Sapphire Blue,4 GB,64 GB,26% off,"₹10,999","Upto ₹10,450 Off on Exchange",4.2
GFive Leo,GFive , Leo,,,,,₹799,,3.6
GFive Leo,GFive , Leo,,,,,₹770,,3.6
Itel MAGIC 2 MAX,Itel , MAGIC 2 MAX,,,,1% off,"₹1,439",,4.0
"APPLE iPhone 12 Mini (White, 128 GB)",APPLE , iPhone 12 Mini ,White,,128 GB,2% off,"₹72,900","Upto ₹15,300 Off on Exchange",4.5
"REDMI Note 10S (Frost White, 64 GB)",REDMI , Note 10S ,Frost White,6 GB,64 GB,,"₹16,299",,4.1
"OPPO Reno4 Pro (Starry Night, 128 GB)",OPPO , Reno4 Pro ,Starry Night,8 GB,128 GB,7% off,"₹34,990","Upto ₹15,300 Off on Exchange",4.4
"ViVO Y91i (Ocean Blue, 32 GB)",ViVO , Y91i ,Ocean Blue,3 GB,32 GB,20% off,"₹7,990","Upto ₹7,450 Off on Exchange",4.3
Salora KT24+ Vishaal,Salora , KT24,,,,,₹959,,3.6
"ViVO V20 2021 (Sunset Melody, 256 GB)",ViVO , V20 2021 ,Sunset Melody,8 GB,256 GB,9% off,"₹27,990","Upto ₹15,300 Off on Exchange",4.4
"Redmi Note 9 Pro (Champagne Gold, 128 GB)",Redmi , Note 9 Pro ,Champagne Gold,4 GB,128 GB,5% off,"₹16,975",,4.4
Snexian BOLD 511,Snexian , BOLD 511,,,,,"₹1,249",,3.7
"REDMI 9 (CarbonBlack, 128 GB)",REDMI , 9 ,CarbonBlack,4 GB,128 GB,,"₹11,980",,4.2
"realme Narzo 10A (So White, 64 GB)",realme , Narzo 10A ,So White,4 GB,64 GB,,"₹10,990",,4.5
BlackZone S16,BlackZone , S16,,,,6% off,"₹1,029",,4.0
GFive C5,GFive , C5,,,,,₹799,,
"Honor 9S (Blue, 32 GB)",Honor , 9S ,Blue,2 GB,32 GB,18% off,"₹6,499","Upto ₹5,900 Off on Exchange",3.8
Itel ACE,Itel , ACE,,,,,₹848,,4.0
Infocus POWER 2,Infocus , POWER 2,,,,,"₹1,240",,3.8
"Coolpad Mega 5M (Gold, 16 GB)",Coolpad , Mega 5M ,Gold,1 GB,16 GB,,"₹4,139",,3.5
GFive U106 & A1 Combo of Two Mobiles,GFive , U106 ,,,,,"₹1,169",,3.3
I Kall K 18 NEW,I , Kall K 18 NEW,,,,10% off,₹979,,3.6
"POCO F1 (Steel Blue, 128 GB)",POCO , F1 ,Steel Blue,6 GB,128 GB,,"₹24,999","Upto ₹15,300 Off on Exchange",4.5
"APPLE iPhone 12 (Red, 128 GB)",APPLE , iPhone 12 ,Red,,128 GB,2% off,"₹82,900","Upto ₹15,300 Off on Exchange",4.6
Forme N1,Forme , N1,,,,,₹790,,3.6
"SAMSUNG Galaxy S21 Plus (Phantom Black, 256 GB)",SAMSUNG , Galaxy S21 Plus ,Phantom Black,8 GB,256 GB,27% off,"₹75,999","Upto ₹15,300 Off on Exchange",4.3
GFive U331 & U229 Combo of Two Mobiles,GFive , U331 ,,,,,"₹1,299",,
GFive U331 & U229 Combo of Two Mobiles,GFive , U331 ,,,,7% off,"₹1,299",,
GFive U331 & U229 Combo of Two Mobiles,GFive , U331 ,,,,,"₹1,299",,
GFive U331 & U229 Combo of Two Mobiles,GFive , U331 ,,,,,"₹1,299",,
"Panasonic Eluga Ray 800 (Gold, 64 GB)",Panasonic , Eluga Ray 800 ,Gold,4 GB,64 GB,,"₹8,990",,3.8
LAVA A5,LAVA , A5,,,,,"₹1,399",,4.1
Kechaoda K-9,Kechaoda , K,,,,,"₹1,180",,4.0
"ViVO V20 (Sunset Melody, 256 GB)",ViVO , V20 ,Sunset Melody,8 GB,256 GB,9% off,"₹27,990","Upto ₹15,300 Off on Exchange",4.4
"REDMI Note 9 Pro Max (Interstellar Black, 64 GB)",REDMI , Note 9 Pro Max ,Interstellar Black,6 GB,64 GB,10% off,"₹16,999","Upto ₹15,300 Off on Exchange",4.4
"Redmi K20 (Glacier Blue, 128 GB)",Redmi , K20 ,Glacier Blue,6 GB,128 GB,,"₹24,999","Upto ₹15,300 Off on Exchange",4.5
Itel Muzik110,Itel , Muzik110,,,,,"₹1,098",,4.2
KXD M2+,KXD , M2,,,,,₹799,,3.8
